"alloca","URL for alloca","col1"
"call to __builtin_alloca","file:///opt/src/nss/nss_files/files-service.c:55:1:63:35","call to alloca"
"call to __builtin_alloca","file:///opt/src/nss/nss_files/files-service.c:41:1:53:40","call to alloca"
"call to __builtin_alloca","file:///opt/src/argp/argp-help.c:1588:30:1588:56","call to alloca"
"call to __builtin_alloca","file:///opt/src/argp/argp-help.c:1317:33:1317:72","call to alloca"
"call to __builtin_alloca","file:///opt/src/catgets/gencat.c:933:18:933:72","call to alloca"
"call to __builtin_alloca","file:///opt/src/catgets/gencat.c:936:20:936:74","call to alloca"
"call to __builtin_alloca","file:///opt/src/crypt/md5-crypt.c:119:17:119:59","call to alloca"
"call to __builtin_alloca","file:///opt/src/crypt/md5-crypt.c:136:28:136:71","call to alloca"
"call to __builtin_alloca","file:///opt/src/crypt/sha256-crypt.c:151:8:151:69","call to alloca"
"call to __builtin_alloca","file:///opt/src/crypt/sha256-crypt.c:168:28:168:69","call to alloca"
"call to __builtin_alloca","file:///opt/src/crypt/sha256-crypt.c:248:29:248:44","call to alloca"
"call to __builtin_alloca","file:///opt/src/crypt/sha256-crypt.c:274:18:274:34","call to alloca"
"call to __builtin_alloca","file:///opt/src/crypt/sha512-crypt.c:151:8:151:69","call to alloca"
"call to __builtin_alloca","file:///opt/src/crypt/sha512-crypt.c:168:28:168:69","call to alloca"
"call to __builtin_alloca","file:///opt/src/crypt/sha512-crypt.c:247:29:247:44","call to alloca"
"call to __builtin_alloca","file:///opt/src/crypt/sha512-crypt.c:273:18:273:34","call to alloca"
"call to __builtin_alloca","file:///opt/src/elf/cache.c:811:15:811:38","call to alloca"
"call to __builtin_alloca","file:///opt/src/elf/dl-cache.c:307:10:307:35","call to alloca"
"call to __builtin_alloca","file:///opt/src/elf/dl-cache.c:307:10:307:35","call to alloca"
"call to __builtin_alloca","file:///opt/src/elf/dl-deps.c:160:24:160:69","call to alloca"
"call to __builtin_alloca","file:///opt/src/elf/dl-deps.c:244:10:244:50","call to alloca"
"call to __builtin_alloca","file:///opt/src/elf/dl-deps.c:287:10:288:32","call to alloca"
"call to __builtin_alloca","file:///opt/src/elf/dl-deps.c:160:24:160:69","call to alloca"
"call to __builtin_alloca","file:///opt/src/elf/dl-deps.c:244:10:244:50","call to alloca"
"call to __builtin_alloca","file:///opt/src/elf/dl-deps.c:287:10:288:32","call to alloca"
"call to __builtin_alloca","file:///opt/src/elf/dl-load.c:1773:9:1773:57","call to alloca"
"call to __builtin_alloca","file:///opt/src/elf/dl-load.c:1550:15:1550:32","call to alloca"
"call to __builtin_alloca","file:///opt/src/elf/dl-load.c:1651:11:1651:28","call to alloca"
"call to __builtin_alloca","file:///opt/src/elf/dl-load.c:1007:14:1007:31","call to alloca"
"call to __builtin_alloca","file:///opt/src/elf/dl-load.c:798:23:798:35","call to alloca"
"call to __builtin_alloca","file:///opt/src/elf/dl-load.c:126:26:126:41","call to alloca"
"call to __builtin_alloca","file:///opt/src/elf/dl-load.c:1773:9:1773:57","call to alloca"
"call to __builtin_alloca","file:///opt/src/elf/dl-load.c:1550:15:1550:32","call to alloca"
"call to __builtin_alloca","file:///opt/src/elf/dl-load.c:1651:11:1651:28","call to alloca"
"call to __builtin_alloca","file:///opt/src/elf/dl-load.c:1007:14:1007:31","call to alloca"
"call to __builtin_alloca","file:///opt/src/elf/dl-load.c:798:23:798:35","call to alloca"
"call to __builtin_alloca","file:///opt/src/elf/dl-profile.c:322:23:323:57","call to alloca"
"call to __builtin_alloca","file:///opt/src/elf/dl-profile.c:322:23:323:57","call to alloca"
"call to __builtin_alloca","file:///opt/src/elf/ldconfig.c:1320:20:1320:52","call to alloca"
"call to __builtin_alloca","file:///opt/src/elf/ldconfig.c:1361:20:1361:59","call to alloca"
"call to __builtin_alloca","file:///opt/src/elf/ldconfig.c:1199:46:1199:66","call to alloca"
"call to __builtin_alloca","file:///opt/src/elf/ldconfig.c:746:16:746:37","call to alloca"
"call to __builtin_alloca","file:///opt/src/elf/ldconfig.c:757:25:757:51","call to alloca"
"call to __builtin_alloca","file:///opt/src/elf/ldconfig.c:591:22:591:71","call to alloca"
"call to __builtin_alloca","file:///opt/src/elf/ldconfig.c:467:18:467:62","call to alloca"
"call to __builtin_alloca","file:///opt/src/elf/ldconfig.c:468:17:468:60","call to alloca"
"call to __builtin_alloca","file:///opt/src/elf/ldconfig.c:473:27:473:76","call to alloca"
"call to __builtin_alloca","file:///opt/src/elf/ldconfig.c:474:26:474:74","call to alloca"
"call to __builtin_alloca","file:///opt/src/elf/pldd-xx.c:107:17:107:38","call to alloca"
"call to __builtin_alloca","file:///opt/src/elf/pldd-xx.c:163:11:163:32","call to alloca"
"call to __builtin_alloca","file:///opt/src/elf/pldd-xx.c:107:17:107:38","call to alloca"
"call to __builtin_alloca","file:///opt/src/elf/pldd-xx.c:163:11:163:32","call to alloca"
"call to __builtin_alloca","file:///opt/src/elf/rtld.c:2452:21:2452:44","call to alloca"
"call to __builtin_alloca","file:///opt/src/elf/rtld.c:1765:18:1765:65","call to alloca"
"call to __builtin_alloca","file:///opt/src/elf/rtld.c:1781:18:1781:58","call to alloca"
"call to __builtin_alloca","file:///opt/src/elf/sprof.c:772:27:772:69","call to alloca"
"call to __builtin_alloca","file:///opt/src/elf/sprof.c:423:34:423:59","call to alloca"
"call to __builtin_alloca","file:///opt/src/elf/sprof.c:559:25:559:37","call to alloca"
"call to __builtin_alloca","file:///opt/src/elf/sprof.c:564:29:564:67","call to alloca"
"call to __builtin_alloca","file:///opt/src/elf/sprof.c:590:40:590:56","call to alloca"
"call to __builtin_alloca","file:///opt/src/elf/sprof.c:623:32:625:38","call to alloca"
"call to __builtin_alloca","file:///opt/src/elf/sprof.c:653:39:653:51","call to alloca"
"call to __builtin_alloca","file:///opt/src/elf/sprof.c:659:24:659:63","call to alloca"
"call to __builtin_alloca","file:///opt/src/elf/sprof.c:292:23:292:61","call to alloca"
"call to __builtin_alloca","file:///opt/src/sysdeps/posix/libc_fatal.c:135:27:135:64","call to alloca"
"call to __builtin_alloca","file:///opt/src/iconv/gconv_conf.c:565:18:565:65","call to alloca"
"call to __builtin_alloca","file:///opt/src/iconv/gconv_conf.c:454:20:454:47","call to alloca"
"call to __builtin_alloca","file:///opt/src/iconv/gconv_conf.c:465:20:465:42","call to alloca"
"call to __builtin_alloca","file:///opt/src/iconv/gconv_conf.c:323:25:323:50","call to alloca"
"call to __builtin_alloca","file:///opt/src/iconv/gconv_open.c:58:30:58:57","call to alloca"
"call to __builtin_alloca","file:///opt/src/iconv/gconv_open.c:66:10:66:26","call to alloca"
"call to __builtin_alloca","file:///opt/src/iconv/gconv_open.c:88:35:88:63","call to alloca"
"call to __builtin_alloca","file:///opt/src/iconv/gconv_open.c:101:31:101:46","call to alloca"
"call to __builtin_alloca","file:///opt/src/iconv/gconv_open.c:109:33:109:48","call to alloca"
"call to __builtin_alloca","file:///opt/src/iconv/gconv_open.c:58:30:58:57","call to alloca"
"call to __builtin_alloca","file:///opt/src/iconv/gconv_open.c:66:10:66:26","call to alloca"
"call to __builtin_alloca","file:///opt/src/iconv/gconv_open.c:88:35:88:63","call to alloca"
"call to __builtin_alloca","file:///opt/src/iconv/gconv_open.c:101:31:101:46","call to alloca"
"call to __builtin_alloca","file:///opt/src/iconv/gconv_open.c:109:33:109:48","call to alloca"
"call to __builtin_alloca","file:///opt/src/iconv/iconv_open.c:40:28:40:46","call to alloca"
"call to __builtin_alloca","file:///opt/src/iconv/iconv_open.c:55:30:55:50","call to alloca"
"call to __builtin_alloca","file:///opt/src/iconv/iconv_prog.c:164:23:164:65","call to alloca"
"call to __builtin_alloca","file:///opt/src/iconv/iconvconfig.c:311:20:311:39","call to alloca"
"call to __builtin_alloca","file:///opt/src/inet/getnameinfo.c:134:27:134:47","call to alloca"
"call to __builtin_alloca","file:///opt/src/inet/rcmd.c:545:22:545:38","call to alloca"
"call to __builtin_alloca","file:///opt/src/inet/rcmd.c:553:14:553:48","call to alloca"
"call to __builtin_alloca","file:///opt/src/inet/ruserpass.c:109:8:109:33","call to alloca"
"call to __builtin_alloca","file:///opt/src/intl/dcigettext.c:1112:28:1112:43","call to alloca"
"call to __builtin_alloca","file:///opt/src/intl/dcigettext.c:1124:22:1124:62","call to alloca"
"call to __builtin_alloca","file:///opt/src/intl/dcigettext.c:1125:19:1125:48","call to alloca"
"call to __builtin_alloca","file:///opt/src/intl/dcigettext.c:652:26:653:26","call to alloca"
"call to __builtin_alloca","file:///opt/src/intl/dcigettext.c:661:28:661:62","call to alloca"
"call to __builtin_alloca","file:///opt/src/intl/dcigettext.c:1112:28:1112:43","call to alloca"
"call to __builtin_alloca","file:///opt/src/intl/dcigettext.c:1124:22:1124:62","call to alloca"
"call to __builtin_alloca","file:///opt/src/intl/dcigettext.c:1125:19:1125:48","call to alloca"
"call to __builtin_alloca","file:///opt/src/intl/dcigettext.c:652:26:653:26","call to alloca"
"call to __builtin_alloca","file:///opt/src/intl/dcigettext.c:661:28:661:62","call to alloca"
"call to __builtin_alloca","file:///opt/src/intl/localealias.c:217:25:217:30","call to alloca"
"call to __builtin_alloca","file:///opt/src/locale/findlocale.c:183:20:183:38","call to alloca"
"call to __builtin_alloca","file:///opt/src/locale/findlocale.c:289:34:289:69","call to alloca"
"call to __builtin_alloca","file:///opt/src/locale/findlocale.c:292:27:292:55","call to alloca"
"call to __builtin_alloca","file:///opt/src/locale/findlocale.c:183:20:183:38","call to alloca"
"call to __builtin_alloca","file:///opt/src/locale/findlocale.c:289:34:289:69","call to alloca"
"call to __builtin_alloca","file:///opt/src/locale/findlocale.c:292:27:292:55","call to alloca"
"call to __builtin_alloca","file:///opt/src/locale/loadarchive.c:183:22:183:58","call to alloca"
"call to __builtin_alloca","file:///opt/src/locale/loadlocale.c:199:23:200:53","call to alloca"
"call to __builtin_alloca","file:///opt/src/locale/newlocale.c:125:18:125:33","call to alloca"
"call to __builtin_alloca","file:///opt/src/locale/newlocale.c:125:18:125:33","call to alloca"
"call to __builtin_alloca","file:///opt/src/locale/programs/charmap-dir.c:217:14:217:49","call to alloca"
"call to __builtin_alloca","file:///opt/src/locale/programs/charmap.c:78:18:78:53","call to alloca"
"call to __builtin_alloca","file:///opt/src/locale/programs/ld-collate.c:857:7:857:48","call to alloca"
"call to __builtin_alloca","file:///opt/src/locale/programs/ld-ctype.c:3893:39:3894:43","call to alloca"
"call to __builtin_alloca","file:///opt/src/locale/programs/locarchive.c:1142:32:1142:45","call to alloca"
"call to __builtin_alloca","file:///opt/src/locale/programs/locarchive.c:895:23:895:48","call to alloca"
"call to __builtin_alloca","file:///opt/src/locale/programs/locarchive.c:1013:20:1013:30","call to alloca"
"call to __builtin_alloca","file:///opt/src/locale/programs/locfile.c:372:19:372:30","call to alloca"
"call to __builtin_alloca","file:///opt/src/locale/programs/locfile.c:164:21:164:51","call to alloca"
"call to __builtin_alloca","file:///opt/src/malloc/memusagestat.c:166:17:166:32","call to alloca"
"call to __builtin_alloca","file:///opt/src/malloc/mtrace.c:88:21:88:58","call to alloca"
"call to __builtin_alloca","file:///opt/src/misc/mntent_r.c:259:3:259:34","call to alloca"
"call to __builtin_alloca","file:///opt/src/misc/mntent_r.c:260:3:260:31","call to alloca"
"call to __builtin_alloca","file:///opt/src/misc/mntent_r.c:261:3:261:32","call to alloca"
"call to __builtin_alloca","file:///opt/src/misc/mntent_r.c:262:3:262:32","call to alloca"
"call to __builtin_alloca","file:///opt/src/misc/tsearch.c:432:15:432:50","call to alloca"
"call to __builtin_alloca","file:///opt/src/misc/tsearch.c:415:22:415:57","call to alloca"
"call to __builtin_alloca","file:///opt/src/misc/tsearch.c:478:19:478:54","call to alloca"
"call to __builtin_alloca","file:///opt/src/misc/ttyslot.c:54:9:54:25","call to alloca"
"call to __builtin_alloca","file:///opt/src/nis/nis_defaults.c:399:20:399:30","call to alloca"
"call to __builtin_alloca","file:///opt/src/nis/nis_defaults.c:372:20:372:30","call to alloca"
"call to __builtin_alloca","file:///opt/src/nis/nis_lookup.c:103:6:103:52","call to alloca"
"call to __builtin_alloca","file:///opt/src/nis/nis_lookup.c:139:20:139:36","call to alloca"
"call to __builtin_alloca","file:///opt/src/nis/nis_subr.c:185:12:185:24","call to alloca"
"call to __builtin_alloca","file:///opt/src/nis/nis_subr.c:187:12:187:25","call to alloca"
"call to __builtin_alloca","file:///opt/src/nis/nis_table.c:43:16:43:29","call to alloca"
"call to __builtin_alloca","file:///opt/src/nptl/pthread_create.c:643:15:643:35","call to alloca"
"call to __builtin_alloca","file:///opt/src/nptl/sem_open.c:154:3:154:51","call to alloca"
"call to __builtin_alloca","file:///opt/src/nptl/sem_open.c:230:18:230:66","call to alloca"
"call to __builtin_alloca","file:///opt/src/nptl/sem_open.c:78:35:78:67","call to alloca"
"call to __builtin_alloca","file:///opt/src/nptl/sem_unlink.c:31:3:31:43","call to alloca"
"call to __builtin_alloca","file:///opt/src/nptl_db/td_ta_clear_event.c:41:11:41:62","call to alloca"
"call to __builtin_alloca","file:///opt/src/nptl_db/td_ta_event_getmsg.c:57:11:57:59","call to alloca"
"call to __builtin_alloca","file:///opt/src/nptl_db/td_ta_set_event.c:41:11:41:62","call to alloca"
"call to __builtin_alloca","file:///opt/src/nptl_db/td_ta_thr_iter.c:63:10:63:41","call to alloca"
"call to __builtin_alloca","file:///opt/src/nptl_db/td_ta_tsd_iter.c:52:10:52:27","call to alloca"
"call to __builtin_alloca","file:///opt/src/nptl_db/td_thr_clear_event.c:39:11:39:71","call to alloca"
"call to __builtin_alloca","file:///opt/src/nptl_db/td_thr_event_getmsg.c:38:11:38:68","call to alloca"
"call to __builtin_alloca","file:///opt/src/nptl_db/td_thr_get_info.c:52:13:52:69","call to alloca"
"call to __builtin_alloca","file:///opt/src/nptl_db/td_thr_set_event.c:39:11:39:71","call to alloca"
"call to __builtin_alloca","file:///opt/src/nptl_db/td_thr_tlsbase.c:162:9:162:61","call to alloca"
"call to __builtin_alloca","file:///opt/src/nptl_db/td_thr_tsd.c:78:9:78:67","call to alloca"
"call to __builtin_alloca","file:///opt/src/nscd/aicache.c:189:37:189:65","call to alloca"
"call to __builtin_alloca","file:///opt/src/nscd/aicache.c:361:37:361:65","call to alloca"
"call to __builtin_alloca","file:///opt/src/nscd/cache.c:326:14:326:41","call to alloca"
"call to __builtin_alloca","file:///opt/src/nscd/connections.c:1357:17:1357:61","call to alloca"
"call to __builtin_alloca","file:///opt/src/sysdeps/posix/getaddrinfo.c:2303:12:2303:30","call to alloca"
"call to __builtin_alloca","file:///opt/src/nscd/grpcache.c:173:19:173:55","call to alloca"
"call to __builtin_alloca","file:///opt/src/nscd/grpcache.c:185:20:185:79","call to alloca"
"call to __builtin_alloca","file:///opt/src/nscd/grpcache.c:231:16:231:54","call to alloca"
"call to __builtin_alloca","file:///opt/src/nscd/hstcache.c:205:36:205:77","call to alloca"
"call to __builtin_alloca","file:///opt/src/nscd/hstcache.c:248:33:248:61","call to alloca"
"call to __builtin_alloca","file:///opt/src/nscd/initgrcache.c:272:33:272:61","call to alloca"
"call to __builtin_alloca","file:///opt/src/nscd/mem.c:133:27:133:68","call to alloca"
"call to __builtin_alloca","file:///opt/src/nscd/mem.c:151:12:151:53","call to alloca"
"call to __builtin_alloca","file:///opt/src/nscd/netgroupcache.c:142:7:142:52","call to alloca"
"call to __builtin_alloca","file:///opt/src/nscd/netgroupcache.c:305:30:306:19","call to alloca"
"call to __builtin_alloca","file:///opt/src/nscd/nscd.c:341:16:341:30","call to alloca"
"call to __builtin_alloca","file:///opt/src/nscd/nscd_gethst_r.c:307:22:308:28","call to alloca"
"call to __builtin_alloca","file:///opt/src/nscd/nscd_gethst_r.c:329:14:329:57","call to alloca"
"call to __builtin_alloca","file:///opt/src/nscd/nscd_getserv_r.c:96:11:96:46","call to alloca"
"call to __builtin_alloca","file:///opt/src/nscd/nscd_getserv_r.c:255:17:257:23","call to alloca"
"call to __builtin_alloca","file:///opt/src/nscd/nscd_helper.c:178:16:178:43","call to alloca"
"call to __builtin_alloca","file:///opt/src/nscd/nscd_netgroup.c:174:11:174:26","call to alloca"
"call to __builtin_alloca","file:///opt/src/nscd/pwdcache.c:178:19:178:34","call to alloca"
"call to __builtin_alloca","file:///opt/src/nscd/pwdcache.c:214:33:214:50","call to alloca"
"call to __builtin_alloca","file:///opt/src/nscd/servicescache.c:325:13:325:39","call to alloca"
"call to __builtin_alloca","file:///opt/src/nscd/servicescache.c:171:36:171:77","call to alloca"
"call to __builtin_alloca","file:///opt/src/nscd/servicescache.c:200:33:200:61","call to alloca"
"call to __builtin_alloca","file:///opt/src/nss/makedb.c:741:12:741:31","call to alloca"
"call to __builtin_alloca","file:///opt/src/nss/nss_files/files-network.c:33:1:74:3","call to alloca"
"call to __builtin_alloca","file:///opt/src/posix/fnmatch_loop.c:1070:6:1070:16","call to alloca"
"call to __builtin_alloca","file:///opt/src/posix/fnmatch_loop.c:1077:6:1077:16","call to alloca"
"call to __builtin_alloca","file:///opt/src/posix/fnmatch_loop.c:1070:6:1070:16","call to alloca"
"call to __builtin_alloca","file:///opt/src/posix/fnmatch_loop.c:1077:6:1077:16","call to alloca"
"call to __builtin_alloca","file:///opt/src/posix/fnmatch.c:348:27:349:19","call to alloca"
"call to __builtin_alloca","file:///opt/src/posix/fnmatch.c:393:26:394:18","call to alloca"
"call to __builtin_alloca","file:///opt/src/posix/fnmatch.c:348:27:349:19","call to alloca"
"call to __builtin_alloca","file:///opt/src/posix/fnmatch.c:393:26:394:18","call to alloca"
"call to __builtin_alloca","file:///opt/src/posix/getopt.c:253:18:253:35","call to alloca"
"call to __builtin_alloca","file:///opt/src/posix/group_member.c:37:16:37:47","call to alloca"
"call to __builtin_alloca","file:///opt/src/posix/wordexp.c:354:20:354:68","call to alloca"
"call to __builtin_alloca","file:///opt/src/pwd/getpw.c:45:12:45:26","call to alloca"
"call to __builtin_alloca","file:///opt/src/resolv/res_query.c:120:16:120:31","call to alloca"
"call to __builtin_alloca","file:///opt/src/stdio-common/fxprintf.c:47:12:47:42","call to alloca"
"call to __builtin_alloca","file:///opt/src/stdio-common/printf_fp.c:428:28:428:47","call to alloca"
"call to __builtin_alloca","file:///opt/src/stdio-common/printf_fp.c:429:27:429:46","call to alloca"
"call to __builtin_alloca","file:///opt/src/stdio-common/printf_fp.c:430:29:430:48","call to alloca"
"call to __builtin_alloca","file:///opt/src/stdio-common/printf_fp.c:923:29:923:53","call to alloca"
"call to __builtin_alloca","file:///opt/src/stdio-common/printf_fp.c:1212:24:1212:39","call to alloca"
"call to __builtin_alloca","file:///opt/src/stdio-common/vfprintf-internal.c:1885:32:1885:54","call to alloca"
"call to __builtin_alloca","file:///opt/src/stdio-common/vfprintf-internal.c:1969:28:1970:25","call to alloca"
"call to __builtin_alloca","file:///opt/src/stdio-common/vfprintf-internal.c:1995:27:1996:30","call to alloca"
"call to __builtin_alloca","file:///opt/src/stdio-common/vfprintf-internal.c:2026:4:2026:45","call to alloca"
"call to __builtin_alloca","file:///opt/src/stdio-common/vfprintf-internal.c:2026:4:2026:45","call to alloca"
"call to __builtin_alloca","file:///opt/src/stdio-common/vfprintf-internal.c:2033:12:2034:29","call to alloca"
"call to __builtin_alloca","file:///opt/src/stdio-common/vfprintf-internal.c:1481:29:1481:43","call to alloca"
"call to __builtin_alloca","file:///opt/src/stdio-common/vfprintf-internal.c:1513:27:1513:41","call to alloca"
"call to __builtin_alloca","file:///opt/src/stdio-common/vfprintf-internal.c:1589:27:1589:41","call to alloca"
"call to __builtin_alloca","file:///opt/src/stdio-common/vfprintf-internal.c:1645:4:1645:53","call to alloca"
"call to __builtin_alloca","file:///opt/src/stdio-common/vfprintf-internal.c:1645:4:1645:53","call to alloca"
"call to __builtin_alloca","file:///opt/src/stdio-common/vfprintf-internal.c:1885:32:1885:54","call to alloca"
"call to __builtin_alloca","file:///opt/src/stdio-common/vfprintf-internal.c:1969:28:1970:25","call to alloca"
"call to __builtin_alloca","file:///opt/src/stdio-common/vfprintf-internal.c:1995:27:1996:30","call to alloca"
"call to __builtin_alloca","file:///opt/src/stdio-common/vfprintf-internal.c:2026:4:2026:45","call to alloca"
"call to __builtin_alloca","file:///opt/src/stdio-common/vfprintf-internal.c:2026:4:2026:45","call to alloca"
"call to __builtin_alloca","file:///opt/src/stdio-common/vfprintf-internal.c:2033:12:2034:29","call to alloca"
"call to __builtin_alloca","file:///opt/src/stdio-common/vfprintf-internal.c:1481:29:1481:43","call to alloca"
"call to __builtin_alloca","file:///opt/src/stdio-common/vfprintf-internal.c:1513:27:1513:41","call to alloca"
"call to __builtin_alloca","file:///opt/src/stdio-common/vfprintf-internal.c:1589:27:1589:41","call to alloca"
"call to __builtin_alloca","file:///opt/src/stdio-common/vfprintf-internal.c:1645:4:1645:53","call to alloca"
"call to __builtin_alloca","file:///opt/src/stdio-common/vfprintf-internal.c:1645:4:1645:53","call to alloca"
"call to __builtin_alloca","file:///opt/src/stdio-common/vfscanf-internal.c:1512:32:1512:64","call to alloca"
"call to __builtin_alloca","file:///opt/src/stdio-common/vfscanf-internal.c:1512:32:1512:64","call to alloca"
"call to __builtin_alloca","file:///opt/src/stdio-common/vfprintf-internal.c:1885:32:1885:54","call to alloca"
"call to __builtin_alloca","file:///opt/src/stdio-common/vfprintf-internal.c:1969:28:1970:25","call to alloca"
"call to __builtin_alloca","file:///opt/src/stdio-common/vfprintf-internal.c:1995:27:1996:30","call to alloca"
"call to __builtin_alloca","file:///opt/src/stdio-common/vfprintf-internal.c:2026:4:2026:45","call to alloca"
"call to __builtin_alloca","file:///opt/src/stdio-common/vfprintf-internal.c:2033:12:2034:29","call to alloca"
"call to __builtin_alloca","file:///opt/src/stdio-common/vfprintf-internal.c:1481:29:1481:43","call to alloca"
"call to __builtin_alloca","file:///opt/src/stdio-common/vfprintf-internal.c:1513:27:1513:41","call to alloca"
"call to __builtin_alloca","file:///opt/src/stdio-common/vfprintf-internal.c:1589:27:1589:41","call to alloca"
"call to __builtin_alloca","file:///opt/src/stdio-common/vfprintf-internal.c:1645:4:1645:53","call to alloca"
"call to __builtin_alloca","file:///opt/src/stdio-common/vfprintf-internal.c:1885:32:1885:54","call to alloca"
"call to __builtin_alloca","file:///opt/src/stdio-common/vfprintf-internal.c:1969:28:1970:25","call to alloca"
"call to __builtin_alloca","file:///opt/src/stdio-common/vfprintf-internal.c:1995:27:1996:30","call to alloca"
"call to __builtin_alloca","file:///opt/src/stdio-common/vfprintf-internal.c:2026:4:2026:45","call to alloca"
"call to __builtin_alloca","file:///opt/src/stdio-common/vfprintf-internal.c:2033:12:2034:29","call to alloca"
"call to __builtin_alloca","file:///opt/src/stdio-common/vfprintf-internal.c:1481:29:1481:43","call to alloca"
"call to __builtin_alloca","file:///opt/src/stdio-common/vfprintf-internal.c:1513:27:1513:41","call to alloca"
"call to __builtin_alloca","file:///opt/src/stdio-common/vfprintf-internal.c:1589:27:1589:41","call to alloca"
"call to __builtin_alloca","file:///opt/src/stdio-common/vfprintf-internal.c:1645:4:1645:53","call to alloca"
"call to __builtin_alloca","file:///opt/src/stdio-common/vfscanf-internal.c:1476:4:1476:45","call to alloca"
"call to __builtin_alloca","file:///opt/src/stdio-common/vfscanf-internal.c:1476:4:1476:45","call to alloca"
"call to __builtin_alloca","file:///opt/src/stdlib/mul.c:108:21:108:61","call to alloca"
"call to __builtin_alloca","file:///opt/src/stdlib/mul.c:116:28:116:68","call to alloca"
"call to __builtin_alloca","file:///opt/src/stdlib/mul_n.c:342:22:342:61","call to alloca"
"call to __builtin_alloca","file:///opt/src/stdlib/mul_n.c:355:22:355:61","call to alloca"
"call to __builtin_alloca","file:///opt/src/stdlib/putenv.c:68:9:68:44","call to alloca"
"call to __builtin_alloca","file:///opt/src/stdlib/setenv.c:186:27:186:41","call to alloca"
"call to __builtin_alloca","file:///opt/src/sunrpc/auth_unix.c:184:22:184:60","call to alloca"
"call to __builtin_alloca","file:///opt/src/sunrpc/clnt_gen.c:96:14:96:33","call to alloca"
"call to __builtin_alloca","file:///usr/include/c++/8/ext/string_conversions.h:105:42:105:57","call to alloca"
"call to __builtin_alloca","file:///usr/include/c++/8/ext/string_conversions.h:105:42:105:57","call to alloca"
"call to __builtin_alloca","file:///usr/include/c++/8/ext/string_conversions.h:105:42:105:57","call to alloca"
"call to __builtin_alloca","file:///opt/src/sysdeps/ieee754/dbl-64/mpa.c:677:10:677:47","call to alloca"
"call to __builtin_alloca","file:///opt/src/sysdeps/posix/getaddrinfo.c:2303:12:2303:30","call to alloca"
"call to __builtin_alloca","file:///opt/src/sysdeps/posix/getaddrinfo.c:2303:12:2303:30","call to alloca"
"call to __builtin_alloca","file:///opt/src/sysdeps/posix/shm_open.c:36:3:36:31","call to alloca"
"call to __builtin_alloca","file:///opt/src/sysdeps/posix/shm_unlink.c:35:3:35:31","call to alloca"
"call to __builtin_alloca","file:///opt/src/sysdeps/unix/sysv/linux/getipv4sourcefilter.c:41:35:41:49","call to alloca"
"call to __builtin_alloca","file:///opt/src/sysdeps/unix/sysv/linux/getsourcefilter.c:103:34:103:48","call to alloca"
"call to __builtin_alloca","file:///opt/src/posix/glob.c:1288:20:1288:57","call to alloca"
"call to __builtin_alloca","file:///opt/src/posix/glob.c:1367:8:1367:41","call to alloca"
"call to __builtin_alloca","file:///opt/src/posix/glob.c:380:15:380:55","call to alloca"
"call to __builtin_alloca","file:///opt/src/posix/glob.c:546:9:546:48","call to alloca"
"call to __builtin_alloca","file:///opt/src/posix/glob.c:705:10:705:56","call to alloca"
"call to __builtin_alloca","file:///opt/src/posix/glob.c:758:10:758:57","call to alloca"
"call to __builtin_alloca","file:///opt/src/posix/glob.c:837:15:838:21","call to alloca"
"call to __builtin_alloca","file:///opt/src/posix/glob.c:380:15:380:55","call to alloca"
"call to __builtin_alloca","file:///opt/src/posix/glob.c:546:9:546:48","call to alloca"
"call to __builtin_alloca","file:///opt/src/posix/glob.c:705:10:705:56","call to alloca"
"call to __builtin_alloca","file:///opt/src/posix/glob.c:758:10:758:57","call to alloca"
"call to __builtin_alloca","file:///opt/src/posix/glob.c:837:15:838:21","call to alloca"
"call to __builtin_alloca","file:///opt/src/sysdeps/unix/grantpt.c:151:27:151:45","call to alloca"
"call to __builtin_alloca","file:///opt/src/sysdeps/unix/sysv/linux/ifaddrs.c:429:22:429:52","call to alloca"
"call to __builtin_alloca","file:///opt/src/sysdeps/posix/libc_fatal.c:135:27:135:64","call to alloca"
"call to __builtin_alloca","file:///opt/src/sysdeps/posix/libc_fatal.c:135:27:135:64","call to alloca"
"call to __builtin_alloca","file:///opt/src/sysdeps/unix/sysv/linux/pathconf.c:82:20:82:46","call to alloca"
"call to __builtin_alloca","file:///opt/src/sysdeps/unix/sysv/linux/setipv4sourcefilter.c:41:35:41:49","call to alloca"
"call to __builtin_alloca","file:///opt/src/sysdeps/unix/sysv/linux/setsourcefilter.c:42:34:42:48","call to alloca"
"call to __builtin_alloca","file:///opt/src/io/ftw.c:647:42:648:36","call to alloca"
"call to __builtin_alloca","file:///opt/src/sysdeps/ieee754/dbl-64/mpa.c:677:10:677:47","call to alloca"
"call to __builtin_alloca","file:///opt/src/sysdeps/ieee754/dbl-64/mpa.c:677:10:677:47","call to alloca"
"call to __builtin_alloca","file:///opt/src/sysdeps/ieee754/dbl-64/mpa.c:677:10:677:47","call to alloca"
"call to __builtin_alloca","file:///opt/src/time/getdate.c:160:10:160:27","call to alloca"
"call to __builtin_alloca","file:///opt/src/time/strftime_l.c:1344:6:1344:30","call to alloca"
"call to __builtin_alloca","file:///opt/src/wcsmbs/wcsmbsload.c:179:23:180:36","call to alloca"
"call to __builtin_alloca","file:///opt/src/wcsmbs/wcsmbsload.c:179:23:180:36","call to alloca"