"guard","URL for guard","col1"
"call to __libc_use_alloca","file:///opt/src/crypt/md5-crypt.c:118:11:118:27","__libc_use_alloca guard"
"call to __libc_use_alloca","file:///opt/src/crypt/sha256-crypt.c:150:11:150:27","__libc_use_alloca guard"
"call to __libc_use_alloca","file:///opt/src/crypt/sha256-crypt.c:247:7:247:23","__libc_use_alloca guard"
"call to __libc_use_alloca","file:///opt/src/crypt/sha512-crypt.c:150:11:150:27","__libc_use_alloca guard"
"call to __libc_use_alloca","file:///opt/src/crypt/sha512-crypt.c:246:7:246:23","__libc_use_alloca guard"
"call to __libc_use_alloca","file:///opt/src/nscd/grpcache.c:221:10:221:26","__libc_use_alloca guard"
"call to __libc_use_alloca","file:///opt/src/posix/getopt.c:252:8:252:24","__libc_use_alloca guard"
"call to __libc_use_alloca","file:///opt/src/stdio-common/fxprintf.c:46:7:46:23","__libc_use_alloca guard"
"call to __libc_use_alloca","file:///opt/src/stdio-common/vfprintf-internal.c:1967:8:1967:24","__libc_use_alloca guard"
"call to __libc_use_alloca","file:///opt/src/stdio-common/vfprintf-internal.c:2026:4:2026:45","__libc_use_alloca guard"
"call to __libc_use_alloca","file:///opt/src/stdio-common/vfprintf-internal.c:2026:4:2026:45","__libc_use_alloca guard"
"call to __libc_use_alloca","file:///opt/src/stdio-common/vfprintf-internal.c:1480:10:1480:26","__libc_use_alloca guard"
"call to __libc_use_alloca","file:///opt/src/stdio-common/vfprintf-internal.c:1512:8:1512:24","__libc_use_alloca guard"
"call to __libc_use_alloca","file:///opt/src/stdio-common/vfprintf-internal.c:1588:8:1588:24","__libc_use_alloca guard"
"call to __libc_use_alloca","file:///opt/src/stdio-common/vfprintf-internal.c:1645:4:1645:53","__libc_use_alloca guard"
"call to __libc_use_alloca","file:///opt/src/stdio-common/vfprintf-internal.c:1645:4:1645:53","__libc_use_alloca guard"
"call to __libc_use_alloca","file:///opt/src/stdio-common/vfprintf-internal.c:1967:8:1967:24","__libc_use_alloca guard"
"call to __libc_use_alloca","file:///opt/src/stdio-common/vfprintf-internal.c:2026:4:2026:45","__libc_use_alloca guard"
"call to __libc_use_alloca","file:///opt/src/stdio-common/vfprintf-internal.c:2026:4:2026:45","__libc_use_alloca guard"
"call to __libc_use_alloca","file:///opt/src/stdio-common/vfprintf-internal.c:1480:10:1480:26","__libc_use_alloca guard"
"call to __libc_use_alloca","file:///opt/src/stdio-common/vfprintf-internal.c:1512:8:1512:24","__libc_use_alloca guard"
"call to __libc_use_alloca","file:///opt/src/stdio-common/vfprintf-internal.c:1588:8:1588:24","__libc_use_alloca guard"
"call to __libc_use_alloca","file:///opt/src/stdio-common/vfprintf-internal.c:1645:4:1645:53","__libc_use_alloca guard"
"call to __libc_use_alloca","file:///opt/src/stdio-common/vfprintf-internal.c:1645:4:1645:53","__libc_use_alloca guard"
"call to __libc_use_alloca","file:///opt/src/stdio-common/vfprintf-internal.c:1967:8:1967:24","__libc_use_alloca guard"
"call to __libc_use_alloca","file:///opt/src/stdio-common/vfprintf-internal.c:2026:4:2026:45","__libc_use_alloca guard"
"call to __libc_use_alloca","file:///opt/src/stdio-common/vfprintf-internal.c:1480:10:1480:26","__libc_use_alloca guard"
"call to __libc_use_alloca","file:///opt/src/stdio-common/vfprintf-internal.c:1512:8:1512:24","__libc_use_alloca guard"
"call to __libc_use_alloca","file:///opt/src/stdio-common/vfprintf-internal.c:1588:8:1588:24","__libc_use_alloca guard"
"call to __libc_use_alloca","file:///opt/src/stdio-common/vfprintf-internal.c:1645:4:1645:53","__libc_use_alloca guard"
"call to __libc_use_alloca","file:///opt/src/stdio-common/vfprintf-internal.c:1967:8:1967:24","__libc_use_alloca guard"
"call to __libc_use_alloca","file:///opt/src/stdio-common/vfprintf-internal.c:2026:4:2026:45","__libc_use_alloca guard"
"call to __libc_use_alloca","file:///opt/src/stdio-common/vfprintf-internal.c:1480:10:1480:26","__libc_use_alloca guard"
"call to __libc_use_alloca","file:///opt/src/stdio-common/vfprintf-internal.c:1512:8:1512:24","__libc_use_alloca guard"
"call to __libc_use_alloca","file:///opt/src/stdio-common/vfprintf-internal.c:1588:8:1588:24","__libc_use_alloca guard"
"call to __libc_use_alloca","file:///opt/src/stdio-common/vfprintf-internal.c:1645:4:1645:53","__libc_use_alloca guard"
"call to __libc_use_alloca","file:///opt/src/sysdeps/unix/sysv/linux/check_native.c:91:7:91:23","__libc_use_alloca guard"
"call to __libc_use_alloca","file:///opt/src/sysdeps/unix/sysv/linux/getsysstats.c:139:30:139:46","__libc_use_alloca guard"
"call to __libc_use_alloca","file:///opt/src/sysdeps/unix/sysv/linux/ifaddrs.c:144:7:144:23","__libc_use_alloca guard"
"call to __libc_use_alloca","file:///opt/src/time/getdate.c:159:11:159:27","__libc_use_alloca guard"