"fc","URL for fc","col1"
"call to memcpy","file:///opt/src/arch/sandbox/cpu/eth-raw-os.c:85:2:85:7","a call to memcpy"
"call to memcpy","file:///opt/src/arch/sandbox/cpu/os.c:612:2:612:7","a call to memcpy"
"call to memcpy","file:///opt/src/arch/sandbox/cpu/os.c:255:4:255:9","a call to memcpy"
"call to memcpy","file:///opt/src/arch/sandbox/cpu/sdl.c:357:2:357:7","a call to memcpy"
"call to memcpy","file:///opt/src/cmd/bootefi.c:138:2:138:7","a call to memcpy"
"call to memcpy","file:///opt/src/cmd/fdt.c:326:5:326:10","a call to memcpy"
"call to memcpy","file:///opt/src/cmd/load.c:986:5:986:10","a call to memcpy"
"call to memcpy","file:///opt/src/cmd/load.c:165:4:165:9","a call to memcpy"
"call to memcpy","file:///opt/src/cmd/mem.c:346:2:346:7","a call to memcpy"
"call to memcpy","file:///opt/src/cmd/mtdparts.c:1109:3:1109:8","a call to memcpy"
"call to memcpy","file:///opt/src/cmd/mtdparts.c:1128:4:1128:9","a call to memcpy"
"call to memcpy","file:///opt/src/cmd/mtdparts.c:1143:5:1143:10","a call to memcpy"
"call to memcpy","file:///opt/src/cmd/mtdparts.c:1155:5:1155:10","a call to memcpy"
"call to memcpy","file:///opt/src/cmd/nvedit.c:1154:3:1154:8","a call to memcpy"
"call to memcpy","file:///opt/src/cmd/nvedit_efi.c:280:3:280:8","a call to memcpy"
"call to memcpy","file:///opt/src/cmd/nvedit_efi.c:321:2:321:7","a call to memcpy"
"call to memcpy","file:///opt/src/cmd/pci.c:469:4:469:9","a call to memcpy"
"call to memcpy","file:///opt/src/cmd/setexpr.c:116:2:116:7","a call to memcpy"
"call to memcpy","file:///opt/src/cmd/sf.c:530:2:530:7","a call to memcpy"
"call to memcpy","file:///opt/src/cmd/sf.c:190:3:190:8","a call to memcpy"
"call to memcpy","file:///opt/src/common/android_ab.c:284:4:284:9","a call to memcpy"
"call to memcpy","file:///opt/src/common/android_ab.c:52:2:52:7","a call to memcpy"
"call to memcpy","file:///opt/src/common/avb_verify.c:948:2:948:7","a call to memcpy"
"call to memcpy","file:///opt/src/common/avb_verify.c:949:2:949:7","a call to memcpy"
"call to memcpy","file:///opt/src/common/avb_verify.c:884:2:884:7","a call to memcpy"
"call to memcpy","file:///opt/src/common/avb_verify.c:906:2:906:7","a call to memcpy"
"call to memcpy","file:///opt/src/common/avb_verify.c:817:2:817:7","a call to memcpy"
"call to memcpy","file:///opt/src/common/avb_verify.c:443:5:443:10","a call to memcpy"
"call to memcpy","file:///opt/src/common/avb_verify.c:455:5:455:10","a call to memcpy"
"call to memcpy","file:///opt/src/common/avb_verify.c:328:3:328:8","a call to memcpy"
"call to memcpy","file:///opt/src/common/avb_verify.c:300:3:300:8","a call to memcpy"
"call to memcpy","file:///opt/src/common/board_f.c:721:2:721:7","a call to memcpy"
"call to memcpy","file:///opt/src/common/board_f.c:693:3:693:8","a call to memcpy"
"call to memcpy","file:///opt/src/common/board_f.c:675:3:675:8","a call to memcpy"
"call to memcpy","file:///opt/src/common/board_f.c:657:3:657:8","a call to memcpy"
"call to memcpy","file:///opt/src/common/bootstage.c:474:2:474:7","a call to memcpy"
"call to memcpy","file:///opt/src/common/bootstage.c:365:2:365:7","a call to memcpy"
"call to memcpy","file:///opt/src/common/cli.c:93:3:93:8","a call to memcpy"
"call to memcpy","file:///opt/src/common/dlmalloc.c:1776:6:1776:51","a call to memcpy"
"call to memcpy","file:///opt/src/common/dlmalloc.c:1792:4:1792:49","a call to memcpy"
"call to memcpy","file:///opt/src/common/dlmalloc.c:1804:2:1804:47","a call to memcpy"
"call to memcpy","file:///opt/src/common/dlmalloc.c:1827:5:1827:50","a call to memcpy"
"call to memcpy","file:///opt/src/common/fdt_support.c:1244:2:1244:7","a call to memcpy"
"call to memcpy","file:///opt/src/common/fdt_support.c:1199:2:1199:7","a call to memcpy"
"call to memcpy","file:///opt/src/common/hash.c:380:3:380:8","a call to memcpy"
"call to memcpy","file:///opt/src/common/hash.c:340:3:340:8","a call to memcpy"
"call to memcpy","file:///opt/src/common/image-fit.c:2021:3:2021:8","a call to memcpy"
"call to memcpy","file:///opt/src/common/image-fit.c:1688:3:1688:8","a call to memcpy"
"call to memcpy","file:///opt/src/common/iomux.c:139:3:139:8","a call to memcpy"
"call to memcpy","file:///opt/src/include/net.h:754:2:754:7","a call to memcpy"
"call to memcpy","file:///opt/src/include/net.h:748:2:748:7","a call to memcpy"
"call to memcpy","file:///opt/src/include/net.h:742:2:742:7","a call to memcpy"
"call to memcpy","file:///opt/src/include/net.h:735:2:735:7","a call to memcpy"
"call to memcpy","file:///opt/src/include/net.h:726:2:726:7","a call to memcpy"
"call to memcpy","file:///opt/src/common/stdio.c:263:3:263:8","a call to memcpy"
"call to memcpy","file:///opt/src/common/stdio.c:219:2:219:7","a call to memcpy"
"call to memcpy","file:///opt/src/common/usb.c:939:2:939:7","a call to memcpy"
"call to memcpy","file:///opt/src/common/usb.c:393:2:393:7","a call to memcpy"
"call to memcpy","file:///opt/src/common/usb.c:424:5:424:10","a call to memcpy"
"call to memcpy","file:///opt/src/common/usb.c:463:4:463:9","a call to memcpy"
"call to memcpy","file:///opt/src/common/usb.c:492:4:492:9","a call to memcpy"
"call to memcpy","file:///opt/src/common/usb_hub.c:643:2:643:7","a call to memcpy"
"call to memcpy","file:///opt/src/common/usb_kbd.c:317:2:317:7","a call to memcpy"
"call to memcpy","file:///opt/src/common/usb_storage.c:1447:2:1447:7","a call to memcpy"
"call to memcpy","file:///opt/src/common/usb_storage.c:1448:2:1448:7","a call to memcpy"
"call to memcpy","file:///opt/src/common/usb_storage.c:1449:2:1449:7","a call to memcpy"
"call to memcpy","file:///opt/src/common/usb_storage.c:568:2:568:7","a call to memcpy"
"call to memcpy","file:///opt/src/common/xyzModem.c:595:4:595:9","a call to memcpy"
"call to memcpy","file:///opt/src/disk/part_amiga.c:194:7:194:12","a call to memcpy"
"call to memcpy","file:///opt/src/disk/part_amiga.c:152:7:152:12","a call to memcpy"
"call to memcpy","file:///opt/src/disk/part_efi.c:975:4:975:9","a call to memcpy"
"call to memcpy","file:///opt/src/disk/part_efi.c:515:3:515:8","a call to memcpy"
"call to memcpy","file:///opt/src/disk/part_efi.c:94:2:94:7","a call to memcpy"
"call to memcpy","file:///opt/src/disk/part_efi.c:100:2:100:7","a call to memcpy"
"call to memcpy","file:///opt/src/disk/part_mac.c:234:2:234:7","a call to memcpy"
"call to memcpy","file:///opt/src/disk/part_mac.c:235:2:235:7","a call to memcpy"
"call to memcpy","file:///opt/src/drivers/block/blkcache.c:169:2:169:7","a call to memcpy"
"call to memcpy","file:///opt/src/drivers/block/blkcache.c:123:2:123:7","a call to memcpy"
"call to memcpy","file:///opt/src/drivers/block/blkcache.c:61:3:61:8","a call to memcpy"
"call to memcpy","file:///opt/src/drivers/core/device.c:110:5:110:10","a call to memcpy"
"call to memcpy","file:///opt/src/drivers/core/of_addr.c:266:2:266:7","a call to memcpy"
"call to memcpy","file:///opt/src/drivers/core/of_addr.c:220:2:220:7","a call to memcpy"
"call to memcpy","file:///opt/src/drivers/core/ofnode.c:361:2:361:7","a call to memcpy"
"call to memcpy","file:///opt/src/drivers/core/ofnode.c:352:2:352:7","a call to memcpy"
"call to memcpy","file:///opt/src/drivers/dma/sandbox-dma-test.c:205:3:205:8","a call to memcpy"
"call to memcpy","file:///opt/src/drivers/dma/sandbox-dma-test.c:208:3:208:8","a call to memcpy"
"call to memcpy","file:///opt/src/drivers/dma/sandbox-dma-test.c:174:2:174:7","a call to memcpy"
"call to memcpy","file:///opt/src/drivers/dma/sandbox-dma-test.c:42:2:42:7","a call to memcpy"
"call to memcpy","file:///opt/src/drivers/fastboot/fb_command.c:224:2:224:7","a call to memcpy"
"call to memcpy","file:///opt/src/drivers/i2c/i2c-uclass.c:190:3:190:8","a call to memcpy"
"call to memcpy","file:///opt/src/drivers/i2c/i2c-uclass.c:202:3:202:8","a call to memcpy"
"call to memcpy","file:///opt/src/drivers/input/cros_ec_keyb.c:125:4:125:9","a call to memcpy"
"call to memcpy","file:///opt/src/drivers/input/cros_ec_keyb.c:132:4:132:9","a call to memcpy"
"call to memcpy","file:///opt/src/drivers/input/cros_ec_keyb.c:66:2:66:7","a call to memcpy"
"call to memcpy","file:///opt/src/drivers/input/input.c:389:2:389:7","a call to memcpy"
"call to memcpy","file:///opt/src/drivers/input/input.c:346:2:346:7","a call to memcpy"
"call to memcpy","file:///opt/src/drivers/misc/cros_ec.c:1256:4:1256:9","a call to memcpy"
"call to memcpy","file:///opt/src/drivers/misc/cros_ec.c:1279:3:1279:8","a call to memcpy"
"call to memcpy","file:///opt/src/drivers/misc/cros_ec.c:1086:2:1086:7","a call to memcpy"
"call to memcpy","file:///opt/src/drivers/misc/cros_ec.c:851:2:851:7","a call to memcpy"
"call to memcpy","file:///opt/src/drivers/misc/cros_ec.c:432:3:432:8","a call to memcpy"
"call to memcpy","file:///opt/src/drivers/misc/cros_ec.c:435:3:435:8","a call to memcpy"
"call to memcpy","file:///opt/src/drivers/misc/cros_ec.c:158:2:158:7","a call to memcpy"
"call to memcpy","file:///opt/src/drivers/misc/cros_ec_i2c.c:171:2:171:7","a call to memcpy"
"call to memcpy","file:///opt/src/drivers/misc/cros_ec_sandbox.c:520:2:520:7","a call to memcpy"
"call to memcpy","file:///opt/src/drivers/misc/cros_ec_sandbox.c:317:4:317:9","a call to memcpy"
"call to memcpy","file:///opt/src/drivers/misc/cros_ec_sandbox.c:323:4:323:9","a call to memcpy"
"call to memcpy","file:///opt/src/drivers/misc/cros_ec_sandbox.c:452:3:452:8","a call to memcpy"
"call to memcpy","file:///opt/src/drivers/misc/cros_ec_sandbox.c:268:2:268:7","a call to memcpy"
"call to memcpy","file:///opt/src/drivers/misc/cros_ec_sandbox.c:113:3:113:8","a call to memcpy"
"call to memcpy","file:///opt/src/drivers/misc/cros_ec_sandbox.c:121:3:121:8","a call to memcpy"
"call to memcpy","file:///opt/src/drivers/misc/cros_ec_spi.c:126:2:126:7","a call to memcpy"
"call to memcpy","file:///opt/src/drivers/misc/i2c_eeprom_emul.c:76:4:76:9","a call to memcpy"
"call to memcpy","file:///opt/src/drivers/misc/i2c_eeprom_emul.c:98:4:98:9","a call to memcpy"
"call to memcpy","file:///opt/src/drivers/misc/misc_sandbox.c:87:3:87:8","a call to memcpy"
"call to memcpy","file:///opt/src/drivers/misc/misc_sandbox.c:90:3:90:8","a call to memcpy"
"call to memcpy","file:///opt/src/drivers/misc/misc_sandbox.c:31:2:31:7","a call to memcpy"
"call to memcpy","file:///opt/src/drivers/misc/misc_sandbox.c:21:2:21:7","a call to memcpy"
"call to memcpy","file:///opt/src/drivers/mmc/mmc.c:2402:2:2402:7","a call to memcpy"
"call to memcpy","file:///opt/src/drivers/mmc/mmc.c:2201:2:2201:7","a call to memcpy"
"call to memcpy","file:///opt/src/drivers/mtd/mtdcore.c:1336:3:1336:8","a call to memcpy"
"call to memcpy","file:///opt/src/drivers/mtd/mtdcore.c:1293:3:1293:8","a call to memcpy"
"call to memcpy","file:///opt/src/drivers/mtd/spi/spi-nor-core.c:1993:3:1993:8","a call to memcpy"
"call to memcpy","file:///opt/src/drivers/mtd/spi/spi-nor-core.c:1998:4:1998:9","a call to memcpy"
"call to memcpy","file:///opt/src/drivers/net/netconsole.c:213:2:213:7","a call to memcpy"
"call to memcpy","file:///opt/src/drivers/net/netconsole.c:161:3:161:8","a call to memcpy"
"call to memcpy","file:///opt/src/drivers/net/netconsole.c:164:2:164:7","a call to memcpy"
"call to memcpy","file:///opt/src/drivers/net/netconsole.c:128:3:128:8","a call to memcpy"
"call to memcpy","file:///opt/src/drivers/net/sandbox-raw.c:93:3:93:8","a call to memcpy"
"call to memcpy","file:///opt/src/drivers/net/sandbox-raw.c:109:4:109:9","a call to memcpy"
"call to memcpy","file:///opt/src/drivers/net/sandbox.c:429:2:429:7","a call to memcpy"
"call to memcpy","file:///opt/src/drivers/net/sandbox.c:379:3:379:8","a call to memcpy"
"call to memcpy","file:///opt/src/drivers/net/sandbox.c:225:2:225:7","a call to memcpy"
"call to memcpy","file:///opt/src/drivers/net/sandbox.c:226:2:226:7","a call to memcpy"
"call to memcpy","file:///opt/src/drivers/net/sandbox.c:182:2:182:7","a call to memcpy"
"call to memcpy","file:///opt/src/drivers/net/sandbox.c:183:2:183:7","a call to memcpy"
"call to memcpy","file:///opt/src/drivers/net/sandbox.c:192:2:192:7","a call to memcpy"
"call to memcpy","file:///opt/src/drivers/net/sandbox.c:194:2:194:7","a call to memcpy"
"call to memcpy","file:///opt/src/drivers/net/sandbox.c:142:2:142:7","a call to memcpy"
"call to memcpy","file:///opt/src/drivers/net/sandbox.c:145:2:145:7","a call to memcpy"
"call to memcpy","file:///opt/src/drivers/net/sandbox.c:146:2:146:7","a call to memcpy"
"call to memcpy","file:///opt/src/drivers/net/sandbox.c:83:2:83:7","a call to memcpy"
"call to memcpy","file:///opt/src/drivers/net/sandbox.c:84:2:84:7","a call to memcpy"
"call to memcpy","file:///opt/src/drivers/net/sandbox.c:93:2:93:7","a call to memcpy"
"call to memcpy","file:///opt/src/drivers/net/sandbox.c:95:2:95:7","a call to memcpy"
"call to memcpy","file:///opt/src/drivers/nvme/nvme.c:665:2:665:7","a call to memcpy"
"call to memcpy","file:///opt/src/drivers/nvme/nvme.c:666:2:666:7","a call to memcpy"
"call to memcpy","file:///opt/src/drivers/nvme/nvme.c:586:2:586:7","a call to memcpy"
"call to memcpy","file:///opt/src/drivers/nvme/nvme.c:587:2:587:7","a call to memcpy"
"call to memcpy","file:///opt/src/drivers/nvme/nvme.c:588:2:588:7","a call to memcpy"
"call to memcpy","file:///opt/src/drivers/nvme/nvme.c:148:2:148:7","a call to memcpy"
"call to memcpy","file:///opt/src/drivers/pci/pci_rom.c:190:3:190:8","a call to memcpy"
"call to memcpy","file:///opt/src/drivers/pci_endpoint/sandbox-pci_ep.c:90:2:90:7","a call to memcpy"
"call to memcpy","file:///opt/src/drivers/pci_endpoint/sandbox-pci_ep.c:77:2:77:7","a call to memcpy"
"call to memcpy","file:///opt/src/drivers/pci_endpoint/sandbox-pci_ep.c:61:2:61:7","a call to memcpy"
"call to memcpy","file:///opt/src/drivers/pci_endpoint/sandbox-pci_ep.c:48:2:48:7","a call to memcpy"
"call to memcpy","file:///opt/src/drivers/power/pmic/i2c_pmic_emul.c:133:2:133:7","a call to memcpy"
"call to memcpy","file:///opt/src/drivers/power/pmic/i2c_pmic_emul.c:76:2:76:7","a call to memcpy"
"call to memcpy","file:///opt/src/drivers/power/pmic/i2c_pmic_emul.c:42:2:42:7","a call to memcpy"
"call to memcpy","file:///opt/src/drivers/remoteproc/rproc-elf-loader.c:94:4:94:9","a call to memcpy"
"call to memcpy","file:///opt/src/drivers/rtc/i2c_rtc_emul.c:187:4:187:9","a call to memcpy"
"call to memcpy","file:///opt/src/drivers/rtc/i2c_rtc_emul.c:198:4:198:9","a call to memcpy"
"call to memcpy","file:///opt/src/drivers/tee/sandbox.c:182:3:182:8","a call to memcpy"
"call to memcpy","file:///opt/src/drivers/tee/tee-uclass.c:232:2:232:7","a call to memcpy"
"call to memcpy","file:///opt/src/drivers/tee/tee-uclass.c:218:2:218:7","a call to memcpy"
"call to memcpy","file:///opt/src/drivers/tpm/tpm-uclass.c:108:4:108:9","a call to memcpy"
"call to memcpy","file:///opt/src/drivers/tpm/tpm2_tis_sandbox.c:371:4:371:9","a call to memcpy"
"call to memcpy","file:///opt/src/drivers/tpm/tpm2_tis_sandbox.c:512:3:512:8","a call to memcpy"
"call to memcpy","file:///opt/src/drivers/tpm/tpm2_tis_sandbox.c:251:2:251:7","a call to memcpy"
"call to memcpy","file:///opt/src/drivers/tpm/tpm_tis_sandbox.c:331:2:331:7","a call to memcpy"
"call to memcpy","file:///opt/src/drivers/tpm/tpm_tis_sandbox.c:253:3:253:8","a call to memcpy"
"call to memcpy","file:///opt/src/drivers/tpm/tpm_tis_sandbox.c:282:4:282:9","a call to memcpy"
"call to memcpy","file:///opt/src/drivers/tpm/tpm_tis_sandbox.c:287:4:287:9","a call to memcpy"
"call to memcpy","file:///opt/src/drivers/tpm/tpm_tis_sandbox.c:175:2:175:7","a call to memcpy"
"call to memcpy","file:///opt/src/drivers/tpm/tpm_tis_sandbox.c:100:4:100:9","a call to memcpy"
"call to memcpy","file:///opt/src/drivers/usb/emul/sandbox_flash.c:347:5:347:10","a call to memcpy"
"call to memcpy","file:///opt/src/drivers/usb/emul/sandbox_flash.c:355:4:355:9","a call to memcpy"
"call to memcpy","file:///opt/src/drivers/usb/emul/usb-emul-uclass.c:100:3:100:8","a call to memcpy"
"call to memcpy","file:///opt/src/drivers/video/stb_truetype.h:1450:35:1450:46","a call to memcpy"
"call to memcpy","file:///opt/src/drivers/video/stb_truetype.h:1451:13:1451:24","a call to memcpy"
"call to memcpy","file:///opt/src/drivers/video/sandbox_osd.c:137:2:137:7","a call to memcpy"
"call to memcpy","file:///opt/src/drivers/video/sandbox_osd.c:55:3:55:8","a call to memcpy"
"call to memcpy","file:///opt/src/drivers/virtio/virtio_mmio.c:85:3:85:8","a call to memcpy"
"call to memcpy","file:///opt/src/drivers/virtio/virtio_mmio.c:89:3:89:8","a call to memcpy"
"call to memcpy","file:///opt/src/drivers/virtio/virtio_mmio.c:93:3:93:8","a call to memcpy"
"call to memcpy","file:///opt/src/drivers/virtio/virtio_mmio.c:97:3:97:8","a call to memcpy"
"call to memcpy","file:///opt/src/drivers/virtio/virtio_mmio.c:99:3:99:8","a call to memcpy"
"call to memcpy","file:///opt/src/drivers/virtio/virtio_mmio.c:41:3:41:8","a call to memcpy"
"call to memcpy","file:///opt/src/drivers/virtio/virtio_mmio.c:45:3:45:8","a call to memcpy"
"call to memcpy","file:///opt/src/drivers/virtio/virtio_mmio.c:49:3:49:8","a call to memcpy"
"call to memcpy","file:///opt/src/drivers/virtio/virtio_mmio.c:53:3:53:8","a call to memcpy"
"call to memcpy","file:///opt/src/drivers/virtio/virtio_mmio.c:55:3:55:8","a call to memcpy"
"call to memcpy","file:///opt/src/drivers/virtio/virtio_pci_modern.c:153:3:153:8","a call to memcpy"
"call to memcpy","file:///opt/src/drivers/virtio/virtio_pci_modern.c:157:3:157:8","a call to memcpy"
"call to memcpy","file:///opt/src/drivers/virtio/virtio_pci_modern.c:161:3:161:8","a call to memcpy"
"call to memcpy","file:///opt/src/drivers/virtio/virtio_pci_modern.c:165:3:165:8","a call to memcpy"
"call to memcpy","file:///opt/src/drivers/virtio/virtio_pci_modern.c:167:3:167:8","a call to memcpy"
"call to memcpy","file:///opt/src/drivers/virtio/virtio_pci_modern.c:118:3:118:8","a call to memcpy"
"call to memcpy","file:///opt/src/drivers/virtio/virtio_pci_modern.c:122:3:122:8","a call to memcpy"
"call to memcpy","file:///opt/src/drivers/virtio/virtio_pci_modern.c:126:3:126:8","a call to memcpy"
"call to memcpy","file:///opt/src/drivers/virtio/virtio_pci_modern.c:130:3:130:8","a call to memcpy"
"call to memcpy","file:///opt/src/drivers/virtio/virtio_pci_modern.c:132:3:132:8","a call to memcpy"
"call to memcpy","file:///opt/src/env/common.c:297:3:297:8","a call to memcpy"
"call to memcpy","file:///opt/src/env/common.c:117:3:117:8","a call to memcpy"
"call to memcpy","file:///opt/src/fs/btrfs/chunk-map.c:117:2:117:7","a call to memcpy"
"call to memcpy","file:///opt/src/fs/btrfs/compression.c:180:3:180:8","a call to memcpy"
"call to memcpy","file:///opt/src/fs/btrfs/ctree.c:138:2:138:7","a call to memcpy"
"call to memcpy","file:///opt/src/fs/btrfs/extent-io.c:110:3:110:8","a call to memcpy"
"call to memcpy","file:///opt/src/fs/btrfs/extent-io.c:33:3:33:8","a call to memcpy"
"call to memcpy","file:///opt/src/fs/btrfs/extent-io.c:50:3:50:8","a call to memcpy"
"call to memcpy","file:///opt/src/fs/btrfs/inode.c:130:2:130:7","a call to memcpy"
"call to memcpy","file:///opt/src/fs/btrfs/inode.c:38:3:38:8","a call to memcpy"
"call to memcpy","file:///opt/src/fs/btrfs/root.c:84:3:84:8","a call to memcpy"
"call to memcpy","file:///opt/src/fs/btrfs/root.c:16:2:16:7","a call to memcpy"
"call to memcpy","file:///opt/src/fs/btrfs/subvolume.c:33:3:33:8","a call to memcpy"
"call to memcpy","file:///opt/src/fs/btrfs/subvolume.c:51:4:51:9","a call to memcpy"
"call to memcpy","file:///opt/src/fs/btrfs/super.c:219:4:219:9","a call to memcpy"
"call to memcpy","file:///opt/src/fs/cbfs/cbfs.c:318:2:318:7","a call to memcpy"
"call to memcpy","file:///opt/src/fs/cbfs/cbfs.c:55:2:55:7","a call to memcpy"
"call to memcpy","file:///opt/src/fs/cramfs/cramfs.c:60:2:60:7","a call to memcpy"
"call to memcpy","file:///opt/src/fs/cramfs/cramfs.c:65:3:65:8","a call to memcpy"
"call to memcpy","file:///opt/src/fs/ext4/ext4_common.c:1119:6:1119:11","a call to memcpy"
"call to memcpy","file:///opt/src/fs/ext4/ext4_common.c:1163:4:1163:9","a call to memcpy"
"call to memcpy","file:///opt/src/fs/ext4/ext4_common.c:981:6:981:11","a call to memcpy"
"call to memcpy","file:///opt/src/fs/ext4/ext4_common.c:1045:4:1045:9","a call to memcpy"
"call to memcpy","file:///opt/src/fs/ext4/ext4_common.c:775:2:775:7","a call to memcpy"
"call to memcpy","file:///opt/src/fs/ext4/ext4_common.c:780:2:780:7","a call to memcpy"
"call to memcpy","file:///opt/src/fs/ext4/ext4_common.c:794:2:794:7","a call to memcpy"
"call to memcpy","file:///opt/src/fs/ext4/ext4_common.c:795:2:795:7","a call to memcpy"
"call to memcpy","file:///opt/src/fs/ext4/ext4_common.c:846:2:846:7","a call to memcpy"
"call to memcpy","file:///opt/src/fs/ext4/ext4_common.c:721:2:721:7","a call to memcpy"
"call to memcpy","file:///opt/src/fs/ext4/ext4_common.c:728:3:728:8","a call to memcpy"
"call to memcpy","file:///opt/src/fs/ext4/ext4_common.c:614:2:614:7","a call to memcpy"
"call to memcpy","file:///opt/src/fs/ext4/ext4_common.c:220:3:220:8","a call to memcpy"
"call to memcpy","file:///opt/src/fs/ext4/ext4_common.c:229:4:229:9","a call to memcpy"
"call to memcpy","file:///opt/src/fs/ext4/ext4_journal.c:635:2:635:7","a call to memcpy"
"call to memcpy","file:///opt/src/fs/ext4/ext4_journal.c:584:2:584:7","a call to memcpy"
"call to memcpy","file:///opt/src/fs/ext4/ext4_journal.c:593:3:593:8","a call to memcpy"
"call to memcpy","file:///opt/src/fs/ext4/ext4_journal.c:599:2:599:7","a call to memcpy"
"call to memcpy","file:///opt/src/fs/ext4/ext4_journal.c:257:2:257:7","a call to memcpy"
"call to memcpy","file:///opt/src/fs/ext4/ext4_journal.c:200:2:200:7","a call to memcpy"
"call to memcpy","file:///opt/src/fs/ext4/ext4_journal.c:175:2:175:7","a call to memcpy"
"call to memcpy","file:///opt/src/fs/ext4/ext4_journal.c:141:3:141:8","a call to memcpy"
"call to memcpy","file:///opt/src/fs/ext4/ext4_journal.c:67:3:67:8","a call to memcpy"
"call to memcpy","file:///opt/src/fs/ext4/ext4_journal.c:68:3:68:8","a call to memcpy"
"call to memcpy","file:///opt/src/fs/ext4/ext4_journal.c:75:3:75:8","a call to memcpy"
"call to memcpy","file:///opt/src/fs/ext4/ext4_write.c:977:2:977:7","a call to memcpy"
"call to memcpy","file:///opt/src/fs/ext4/ext4_write.c:1000:3:1000:8","a call to memcpy"
"call to memcpy","file:///opt/src/fs/ext4/ext4_write.c:1008:3:1008:8","a call to memcpy"
"call to memcpy","file:///opt/src/fs/fat/fat.c:1088:2:1088:7","a call to memcpy"
"call to memcpy","file:///opt/src/fs/fat/fat.c:854:3:854:8","a call to memcpy"
"call to memcpy","file:///opt/src/fs/fat/fat.c:500:2:500:7","a call to memcpy"
"call to memcpy","file:///opt/src/fs/fat/fat.c:521:2:521:7","a call to memcpy"
"call to memcpy","file:///opt/src/fs/fat/fat.c:367:3:367:8","a call to memcpy"
"call to memcpy","file:///opt/src/fs/fat/fat.c:273:4:273:9","a call to memcpy"
"call to memcpy","file:///opt/src/fs/fat/fat.c:298:3:298:8","a call to memcpy"
"call to memcpy","file:///opt/src/fs/fat/fat.c:124:2:124:7","a call to memcpy"
"call to memcpy","file:///opt/src/fs/fat/fat.c:133:3:133:8","a call to memcpy"
"call to memcpy","file:///opt/src/fs/fat/fat_write.c:1445:2:1445:7","a call to memcpy"
"call to memcpy","file:///opt/src/fs/fat/fat_write.c:1446:2:1446:7","a call to memcpy"
"call to memcpy","file:///opt/src/fs/fat/fat_write.c:1449:2:1449:7","a call to memcpy"
"call to memcpy","file:///opt/src/fs/fat/fat_write.c:1450:2:1450:7","a call to memcpy"
"call to memcpy","file:///opt/src/fs/fat/fat_write.c:524:3:524:8","a call to memcpy"
"call to memcpy","file:///opt/src/fs/fat/fat_write.c:562:5:562:10","a call to memcpy"
"call to memcpy","file:///opt/src/fs/fat/fat_write.c:589:3:589:8","a call to memcpy"
"call to memcpy","file:///opt/src/fs/fat/fat_write.c:415:4:415:9","a call to memcpy"
"call to memcpy","file:///opt/src/fs/fat/fat_write.c:442:3:442:8","a call to memcpy"
"call to memcpy","file:///opt/src/fs/fat/fat_write.c:243:3:243:8","a call to memcpy"
"call to memcpy","file:///opt/src/fs/fat/fat_write.c:80:3:80:8","a call to memcpy"
"call to memcpy","file:///opt/src/fs/fat/fat_write.c:84:3:84:8","a call to memcpy"
"call to memcpy","file:///opt/src/fs/fat/fat_write.c:86:3:86:8","a call to memcpy"
"call to memcpy","file:///opt/src/fs/fat/fat_write.c:92:3:92:8","a call to memcpy"
"call to memcpy","file:///opt/src/fs/fat/fat_write.c:96:3:96:8","a call to memcpy"
"call to memcpy","file:///opt/src/fs/fs_internal.c:49:3:49:8","a call to memcpy"
"call to memcpy","file:///opt/src/fs/fs_internal.c:67:3:67:8","a call to memcpy"
"call to memcpy","file:///opt/src/fs/fs_internal.c:89:3:89:8","a call to memcpy"
"call to memcpy","file:///opt/src/lib/charset.c:381:2:381:7","a call to memcpy"
"call to memcpy","file:///opt/src/lib/crc16.c:83:2:83:7","a call to memcpy"
"call to memcpy","file:///opt/src/lib/crc32.c:265:2:265:7","a call to memcpy"
"call to memcpy","file:///opt/src/lib/efi_loader/efi_bootmgr.c:89:2:89:7","a call to memcpy"
"call to memcpy","file:///opt/src/lib/efi_loader/efi_bootmgr.c:92:2:92:7","a call to memcpy"
"call to memcpy","file:///opt/src/lib/efi_loader/efi_bootmgr.c:95:2:95:7","a call to memcpy"
"call to memcpy","file:///opt/src/lib/efi_loader/efi_bootmgr.c:98:2:98:7","a call to memcpy"
"call to memcpy","file:///opt/src/lib/efi_loader/efi_boottime.c:3076:3:3076:8","a call to memcpy"
"call to memcpy","file:///opt/src/lib/efi_loader/efi_boottime.c:1641:2:1641:7","a call to memcpy"
"call to memcpy","file:///opt/src/lib/efi_loader/efi_boottime.c:1410:2:1410:7","a call to memcpy"
"call to memcpy","file:///opt/src/lib/efi_loader/efi_device_path.c:696:4:696:9","a call to memcpy"
"call to memcpy","file:///opt/src/lib/efi_loader/efi_device_path.c:701:4:701:9","a call to memcpy"
"call to memcpy","file:///opt/src/lib/efi_loader/efi_device_path.c:499:3:499:8","a call to memcpy"
"call to memcpy","file:///opt/src/lib/efi_loader/efi_device_path.c:392:2:392:7","a call to memcpy"
"call to memcpy","file:///opt/src/lib/efi_loader/efi_device_path.c:368:2:368:7","a call to memcpy"
"call to memcpy","file:///opt/src/lib/efi_loader/efi_device_path.c:372:2:372:7","a call to memcpy"
"call to memcpy","file:///opt/src/lib/efi_loader/efi_device_path.c:374:2:374:7","a call to memcpy"
"call to memcpy","file:///opt/src/lib/efi_loader/efi_device_path.c:315:3:315:8","a call to memcpy"
"call to memcpy","file:///opt/src/lib/efi_loader/efi_device_path.c:316:3:316:8","a call to memcpy"
"call to memcpy","file:///opt/src/lib/efi_loader/efi_device_path.c:324:3:324:8","a call to memcpy"
"call to memcpy","file:///opt/src/lib/efi_loader/efi_device_path.c:325:3:325:8","a call to memcpy"
"call to memcpy","file:///opt/src/lib/efi_loader/efi_device_path.c:326:3:326:8","a call to memcpy"
"call to memcpy","file:///opt/src/lib/efi_loader/efi_device_path.c:292:3:292:8","a call to memcpy"
"call to memcpy","file:///opt/src/lib/efi_loader/efi_device_path.c:294:3:294:8","a call to memcpy"
"call to memcpy","file:///opt/src/lib/efi_loader/efi_device_path.c:268:2:268:7","a call to memcpy"
"call to memcpy","file:///opt/src/lib/efi_loader/efi_device_path_to_text.c:178:3:178:8","a call to memcpy"
"call to memcpy","file:///opt/src/lib/efi_loader/efi_device_path_to_text.c:179:3:179:8","a call to memcpy"
"call to memcpy","file:///opt/src/lib/efi_loader/efi_device_path_to_text.c:185:4:185:9","a call to memcpy"
"call to memcpy","file:///opt/src/lib/efi_loader/efi_disk.c:157:3:157:8","a call to memcpy"
"call to memcpy","file:///opt/src/lib/efi_loader/efi_disk.c:125:3:125:8","a call to memcpy"
"call to memcpy","file:///opt/src/lib/efi_loader/efi_gop.c:59:2:59:7","a call to memcpy"
"call to memcpy","file:///opt/src/lib/efi_loader/efi_hii.c:909:5:909:10","a call to memcpy"
"call to memcpy","file:///opt/src/lib/efi_loader/efi_hii.c:750:2:750:7","a call to memcpy"
"call to memcpy","file:///opt/src/lib/efi_loader/efi_hii.c:704:4:704:9","a call to memcpy"
"call to memcpy","file:///opt/src/lib/efi_loader/efi_hii.c:320:3:320:8","a call to memcpy"
"call to memcpy","file:///opt/src/lib/efi_loader/efi_hii.c:262:2:262:7","a call to memcpy"
"call to memcpy","file:///opt/src/lib/efi_loader/efi_image_loader.c:311:2:311:7","a call to memcpy"
"call to memcpy","file:///opt/src/lib/efi_loader/efi_image_loader.c:320:3:320:8","a call to memcpy"
"call to memcpy","file:///opt/src/lib/efi_loader/efi_net.c:642:2:642:7","a call to memcpy"
"call to memcpy","file:///opt/src/lib/efi_loader/efi_net.c:536:2:536:7","a call to memcpy"
"call to memcpy","file:///opt/src/lib/efi_loader/efi_net.c:505:3:505:8","a call to memcpy"
"call to memcpy","file:///opt/src/lib/efi_loader/efi_net.c:507:3:507:8","a call to memcpy"
"call to memcpy","file:///opt/src/lib/efi_loader/efi_net.c:517:2:517:7","a call to memcpy"
"call to memcpy","file:///opt/src/lib/efi_loader/efi_net.c:427:2:427:7","a call to memcpy"
"call to memcpy","file:///opt/src/lib/efi_loader/efi_variable.c:232:3:232:8","a call to memcpy"
"call to memcpy","file:///opt/src/lib/fdtdec.c:881:3:881:8","a call to memcpy"
"call to memcpy","file:///opt/src/lib/hashtable.c:805:2:805:7","a call to memcpy"
"call to memcpy","file:///opt/src/lib/hashtable.c:811:3:811:8","a call to memcpy"
"call to memcpy","file:///opt/src/lib/libavb/avb_sysdeps_posix.c:16:10:16:15","a call to memcpy"
"call to memcpy","file:///opt/src/scripts/dtc/libfdt/fdt_overlay.c:851:5:851:10","a call to memcpy"
"call to memcpy","file:///opt/src/scripts/dtc/libfdt/fdt_overlay.c:857:3:857:8","a call to memcpy"
"call to memcpy","file:///opt/src/scripts/dtc/libfdt/fdt_overlay.c:310:4:310:9","a call to memcpy"
"call to memcpy","file:///opt/src/lib/libfdt/fdt_ro.c:425:5:425:10","a call to memcpy"
"call to memcpy","file:///opt/src/scripts/dtc/libfdt/fdt_rw.c:381:2:381:7","a call to memcpy"
"call to memcpy","file:///opt/src/scripts/dtc/libfdt/fdt_rw.c:322:3:322:8","a call to memcpy"
"call to memcpy","file:///opt/src/scripts/dtc/libfdt/fdt_rw.c:327:3:327:8","a call to memcpy"
"call to memcpy","file:///opt/src/scripts/dtc/libfdt/fdt_rw.c:301:3:301:8","a call to memcpy"
"call to memcpy","file:///opt/src/scripts/dtc/libfdt/fdt_rw.c:268:2:268:7","a call to memcpy"
"call to memcpy","file:///opt/src/scripts/dtc/libfdt/fdt_rw.c:170:2:170:7","a call to memcpy"
"call to memcpy","file:///opt/src/scripts/dtc/libfdt/fdt_sw.c:253:2:253:7","a call to memcpy"
"call to memcpy","file:///opt/src/scripts/dtc/libfdt/fdt_sw.c:218:2:218:7","a call to memcpy"
"call to memcpy","file:///opt/src/scripts/dtc/libfdt/fdt_sw.c:182:2:182:7","a call to memcpy"
"call to memcpy","file:///opt/src/scripts/dtc/libfdt/fdt_wip.c:74:2:74:7","a call to memcpy"
"call to memcpy","file:///opt/src/lib/linux_compat.c:14:2:14:7","a call to memcpy"
"call to memcpy","file:///opt/src/lib/lz4.c:143:13:143:18","a call to memcpy"
"call to memcpy","file:///opt/src/lib/lz4.c:185:17:185:22","a call to memcpy"
"call to memcpy","file:///opt/src/lib/lz4.c:196:21:196:26","a call to memcpy"
"call to memcpy","file:///opt/src/lib/lz4_wrapper.c:112:4:112:9","a call to memcpy"
"call to memcpy","file:///opt/src/lib/lzma/LzmaDec.c:895:5:895:10","a call to memcpy"
"call to memcpy","file:///opt/src/lib/lzma/LzmaDec.c:807:13:807:18","a call to memcpy"
"call to memcpy","file:///opt/src/lib/lzo/lzo1x_decompress.c:118:4:118:9","a call to memcpy"
"call to memcpy","file:///opt/src/lib/membuff.c:270:2:270:7","a call to memcpy"
"call to memcpy","file:///opt/src/lib/membuff.c:196:3:196:8","a call to memcpy"
"call to memcpy","file:///opt/src/lib/membuff.c:177:3:177:8","a call to memcpy"
"call to memcpy","file:///opt/src/lib/of_live.c:115:3:115:8","a call to memcpy"
"call to memcpy","file:///opt/src/lib/of_live.c:196:4:196:9","a call to memcpy"
"call to memcpy","file:///opt/src/lib/rsa/rsa-mod-exp.c:293:2:293:7","a call to memcpy"
"call to memcpy","file:///opt/src/lib/rsa/rsa-mod-exp.c:299:2:299:7","a call to memcpy"
"call to memcpy","file:///opt/src/lib/rsa/rsa-mod-exp.c:212:2:212:7","a call to memcpy"
"call to memcpy","file:///opt/src/lib/rsa/rsa-mod-exp.c:222:4:222:9","a call to memcpy"
"call to memcpy","file:///opt/src/lib/rsa/rsa-mod-exp.c:229:2:229:7","a call to memcpy"
"call to memcpy","file:///opt/src/lib/rsa/rsa-verify.c:220:2:220:7","a call to memcpy"
"call to memcpy","file:///opt/src/lib/rsa/rsa-verify.c:221:2:221:7","a call to memcpy"
"call to memcpy","file:///opt/src/lib/rsa/rsa-verify.c:251:2:251:7","a call to memcpy"
"call to memcpy","file:///opt/src/lib/sha1.c:244:3:244:8","a call to memcpy"
"call to memcpy","file:///opt/src/lib/sha1.c:258:3:258:8","a call to memcpy"
"call to memcpy","file:///opt/src/lib/sha256.c:206:3:206:8","a call to memcpy"
"call to memcpy","file:///opt/src/lib/sha256.c:220:3:220:8","a call to memcpy"
"call to memcpy","file:///opt/src/lib/smbios.c:302:2:302:7","a call to memcpy"
"call to memcpy","file:///opt/src/lib/smbios.c:307:2:307:7","a call to memcpy"
"call to memcpy","file:///opt/src/lib/string.c:571:3:571:8","a call to memcpy"
"call to memcpy","file:///opt/src/lib/string.c:124:3:124:8","a call to memcpy"
"call to memcpy","file:///opt/src/lib/tpm-common.c:138:4:138:9","a call to memcpy"
"call to memcpy","file:///opt/src/lib/tpm-common.c:74:4:74:9","a call to memcpy"
"call to memcpy","file:///opt/src/lib/tpm-v2.c:190:2:190:7","a call to memcpy"
"call to memcpy","file:///opt/src/lib/uuid.c:261:2:261:7","a call to memcpy"
"call to memcpy","file:///opt/src/lib/uuid.c:160:3:160:8","a call to memcpy"
"call to memcpy","file:///opt/src/lib/uuid.c:163:3:163:8","a call to memcpy"
"call to memcpy","file:///opt/src/lib/uuid.c:166:3:166:8","a call to memcpy"
"call to memcpy","file:///opt/src/lib/uuid.c:169:3:169:8","a call to memcpy"
"call to memcpy","file:///opt/src/lib/uuid.c:172:3:172:8","a call to memcpy"
"call to memcpy","file:///opt/src/lib/uuid.c:175:3:175:8","a call to memcpy"
"call to memcpy","file:///opt/src/lib/uuid.c:179:2:179:7","a call to memcpy"
"call to memcpy","file:///opt/src/lib/uuid.c:182:2:182:7","a call to memcpy"
"call to memcpy","file:///opt/src/lib/xxhash.c:358:3:358:8","a call to memcpy"
"call to memcpy","file:///opt/src/lib/xxhash.c:366:3:366:8","a call to memcpy"
"call to memcpy","file:///opt/src/lib/xxhash.c:406:3:406:8","a call to memcpy"
"call to memcpy","file:///opt/src/lib/xxhash.c:252:3:252:8","a call to memcpy"
"call to memcpy","file:///opt/src/lib/xxhash.c:260:3:260:8","a call to memcpy"
"call to memcpy","file:///opt/src/lib/xxhash.c:301:3:301:8","a call to memcpy"
"call to memcpy","file:///opt/src/lib/xxhash.c:236:2:236:7","a call to memcpy"
"call to memcpy","file:///opt/src/lib/xxhash.c:222:2:222:7","a call to memcpy"
"call to memcpy","file:///opt/src/lib/xxhash.c:57:2:57:7","a call to memcpy"
"call to memcpy","file:///opt/src/lib/xxhash.c:51:2:51:7","a call to memcpy"
"call to memcpy","file:///opt/src/lib/zlib/deflate.c:1332:13:1332:19","a call to memcpy"
"call to memcpy","file:///opt/src/lib/zlib/deflate.c:1010:5:1010:11","a call to memcpy"
"call to memcpy","file:///opt/src/lib/zlib/deflate.c:946:5:946:11","a call to memcpy"
"call to memcpy","file:///opt/src/lib/zlib/deflate.c:951:5:951:11","a call to memcpy"
"call to memcpy","file:///opt/src/lib/zlib/deflate.c:966:5:966:11","a call to memcpy"
"call to memcpy","file:///opt/src/lib/zlib/deflate.c:967:5:967:11","a call to memcpy"
"call to memcpy","file:///opt/src/lib/zlib/deflate.c:968:5:968:11","a call to memcpy"
"call to memcpy","file:///opt/src/lib/zlib/deflate.c:969:5:969:11","a call to memcpy"
"call to memcpy","file:///opt/src/lib/zlib/deflate.c:570:5:570:11","a call to memcpy"
"call to memcpy","file:///opt/src/lib/zlib/deflate.c:335:5:335:11","a call to memcpy"
"call to memcpy","file:///opt/src/lib/zlib/inflate.c:460:25:460:31","a call to memcpy"
"call to memcpy","file:///opt/src/lib/zlib/inflate.c:599:17:599:23","a call to memcpy"
"call to memcpy","file:///opt/src/lib/zlib/inflate.c:125:9:125:15","a call to memcpy"
"call to memcpy","file:///opt/src/lib/zlib/inflate.c:132:9:132:15","a call to memcpy"
"call to memcpy","file:///opt/src/lib/zlib/inflate.c:135:13:135:19","a call to memcpy"
"call to memcpy","file:///opt/src/lib/zstd/zstd_internal.h:120:2:120:7","a call to memcpy"
"call to memcpy","file:///opt/src/lib/zstd/decompress.c:2310:6:2310:11","a call to memcpy"
"call to memcpy","file:///opt/src/lib/zstd/decompress.c:2316:5:2316:10","a call to memcpy"
"call to memcpy","file:///opt/src/lib/zstd/decompress.c:2283:2:2283:7","a call to memcpy"
"call to memcpy","file:///opt/src/lib/zstd/decompress.c:2192:2:2192:7","a call to memcpy"
"call to memcpy","file:///opt/src/lib/zstd/decompress.c:2049:4:2049:9","a call to memcpy"
"call to memcpy","file:///opt/src/lib/zstd/decompress.c:1746:4:1746:9","a call to memcpy"
"call to memcpy","file:///opt/src/lib/zstd/decompress.c:1754:3:1754:8","a call to memcpy"
"call to memcpy","file:///opt/src/lib/zstd/decompress.c:1763:3:1763:8","a call to memcpy"
"call to memcpy","file:///opt/src/lib/zstd/decompress.c:1836:3:1836:8","a call to memcpy"
"call to memcpy","file:///opt/src/lib/zstd/decompress.c:1428:3:1428:8","a call to memcpy"
"call to memcpy","file:///opt/src/lib/zstd/decompress.c:1146:3:1146:8","a call to memcpy"
"call to memcpy","file:///opt/src/lib/zstd/decompress.c:515:5:515:10","a call to memcpy"
"call to memcpy","file:///opt/src/lib/zstd/decompress.c:406:2:406:7","a call to memcpy"
"call to memcpy","file:///opt/src/lib/zstd/decompress.c:148:2:148:7","a call to memcpy"
"call to memcpy","file:///opt/src/lib/zstd/decompress.c:126:2:126:7","a call to memcpy"
"call to memcpy","file:///opt/src/lib/zstd/decompress.c:108:2:108:7","a call to memcpy"
"call to memcpy","file:///opt/src/lib/zstd/decompress.c:42:54:42:59","a call to memcpy"
"call to memcpy","file:///opt/src/lib/zstd/fse_decompress.c:102:3:102:8","a call to memcpy"
"call to memcpy","file:///opt/src/lib/zstd/huf_decompress.c:917:3:917:8","a call to memcpy"
"call to memcpy","file:///opt/src/lib/zstd/huf_decompress.c:879:3:879:8","a call to memcpy"
"call to memcpy","file:///opt/src/lib/zstd/huf_decompress.c:576:2:576:7","a call to memcpy"
"call to memcpy","file:///opt/src/lib/zstd/huf_decompress.c:568:2:568:7","a call to memcpy"
"call to memcpy","file:///opt/src/lib/zstd/huf_decompress.c:561:2:561:7","a call to memcpy"
"call to memcpy","file:///opt/src/lib/zstd/huf_decompress.c:418:2:418:7","a call to memcpy"
"call to memcpy","file:///opt/src/lib/zstd/huf_decompress.c:371:2:371:7","a call to memcpy"
"call to memcpy","file:///opt/src/lib/zstd/huf_decompress.c:96:3:96:8","a call to memcpy"
"call to memcpy","file:///opt/src/lib/zstd/huf_decompress.c:47:2:47:7","a call to memcpy"
"call to memcpy","file:///opt/src/net/arp.c:167:3:167:8","a call to memcpy"
"call to memcpy","file:///opt/src/net/arp.c:169:3:169:8","a call to memcpy"
"call to memcpy","file:///opt/src/net/arp.c:186:3:186:8","a call to memcpy"
"call to memcpy","file:///opt/src/net/arp.c:213:5:213:10","a call to memcpy"
"call to memcpy","file:///opt/src/net/arp.c:221:4:221:9","a call to memcpy"
"call to memcpy","file:///opt/src/net/arp.c:73:2:73:7","a call to memcpy"
"call to memcpy","file:///opt/src/net/arp.c:75:2:75:7","a call to memcpy"
"call to memcpy","file:///opt/src/net/bootp.c:1004:2:1004:7","a call to memcpy"
"call to memcpy","file:///opt/src/net/bootp.c:862:4:862:9","a call to memcpy"
"call to memcpy","file:///opt/src/net/bootp.c:870:4:870:9","a call to memcpy"
"call to memcpy","file:///opt/src/net/bootp.c:902:5:902:10","a call to memcpy"
"call to memcpy","file:///opt/src/net/bootp.c:782:2:782:7","a call to memcpy"
"call to memcpy","file:///opt/src/net/bootp.c:509:3:509:8","a call to memcpy"
"call to memcpy","file:///opt/src/net/bootp.c:441:3:441:17","a call to memcpy"
"call to memcpy","file:///opt/src/net/cdp.c:125:2:125:7","a call to memcpy"
"call to memcpy","file:///opt/src/net/cdp.c:126:2:126:7","a call to memcpy"
"call to memcpy","file:///opt/src/net/cdp.c:131:2:131:7","a call to memcpy"
"call to memcpy","file:///opt/src/net/dns.c:181:3:181:8","a call to memcpy"
"call to memcpy","file:///opt/src/net/dns.c:70:3:70:8","a call to memcpy"
"call to memcpy","file:///opt/src/net/eth-uclass.c:533:3:533:8","a call to memcpy"
"call to memcpy","file:///opt/src/net/eth-uclass.c:470:2:470:7","a call to memcpy"
"call to memcpy","file:///opt/src/net/fastboot.c:272:2:272:7","a call to memcpy"
"call to memcpy","file:///opt/src/net/fastboot.c:286:4:286:9","a call to memcpy"
"call to memcpy","file:///opt/src/net/fastboot.c:142:3:142:8","a call to memcpy"
"call to memcpy","file:///opt/src/net/fastboot.c:150:2:150:7","a call to memcpy"
"call to memcpy","file:///opt/src/net/fastboot.c:156:3:156:8","a call to memcpy"
"call to memcpy","file:///opt/src/net/fastboot.c:161:3:161:8","a call to memcpy"
"call to memcpy","file:///opt/src/net/fastboot.c:164:3:164:8","a call to memcpy"
"call to memcpy","file:///opt/src/net/fastboot.c:168:3:168:8","a call to memcpy"
"call to memcpy","file:///opt/src/net/fastboot.c:195:4:195:9","a call to memcpy"
"call to memcpy","file:///opt/src/net/fastboot.c:199:3:199:8","a call to memcpy"
"call to memcpy","file:///opt/src/net/fastboot.c:211:2:211:7","a call to memcpy"
"call to memcpy","file:///opt/src/net/net_rand.h:23:2:23:7","a call to memcpy"
"call to memcpy","file:///opt/src/net/net.c:1456:2:1456:7","a call to memcpy"
"call to memcpy","file:///opt/src/net/net.c:1457:2:1457:7","a call to memcpy"
"call to memcpy","file:///opt/src/net/net.c:1436:2:1436:7","a call to memcpy"
"call to memcpy","file:///opt/src/net/net.c:1437:2:1437:7","a call to memcpy"
"call to memcpy","file:///opt/src/net/net.c:926:3:926:8","a call to memcpy"
"call to memcpy","file:///opt/src/net/net.c:1009:2:1009:7","a call to memcpy"
"call to memcpy","file:///opt/src/net/net.c:352:3:352:8","a call to memcpy"
"call to memcpy","file:///opt/src/net/nfs.c:663:2:663:7","a call to memcpy"
"call to memcpy","file:///opt/src/net/nfs.c:616:2:616:7","a call to memcpy"
"call to memcpy","file:///opt/src/net/nfs.c:642:3:642:8","a call to memcpy"
"call to memcpy","file:///opt/src/net/nfs.c:647:3:647:8","a call to memcpy"
"call to memcpy","file:///opt/src/net/nfs.c:517:2:517:7","a call to memcpy"
"call to memcpy","file:///opt/src/net/nfs.c:569:3:569:8","a call to memcpy"
"call to memcpy","file:///opt/src/net/nfs.c:574:3:574:8","a call to memcpy"
"call to memcpy","file:///opt/src/net/nfs.c:493:2:493:7","a call to memcpy"
"call to memcpy","file:///opt/src/net/nfs.c:467:2:467:7","a call to memcpy"
"call to memcpy","file:///opt/src/net/nfs.c:482:2:482:7","a call to memcpy"
"call to memcpy","file:///opt/src/net/nfs.c:435:2:435:7","a call to memcpy"
"call to memcpy","file:///opt/src/net/nfs.c:369:3:369:8","a call to memcpy"
"call to memcpy","file:///opt/src/net/nfs.c:376:3:376:8","a call to memcpy"
"call to memcpy","file:///opt/src/net/nfs.c:329:3:329:8","a call to memcpy"
"call to memcpy","file:///opt/src/net/nfs.c:334:3:334:8","a call to memcpy"
"call to memcpy","file:///opt/src/net/nfs.c:342:3:342:8","a call to memcpy"
"call to memcpy","file:///opt/src/net/nfs.c:347:3:347:8","a call to memcpy"
"call to memcpy","file:///opt/src/net/nfs.c:300:3:300:8","a call to memcpy"
"call to memcpy","file:///opt/src/net/nfs.c:304:3:304:8","a call to memcpy"
"call to memcpy","file:///opt/src/net/nfs.c:254:2:254:7","a call to memcpy"
"call to memcpy","file:///opt/src/net/nfs.c:202:3:202:8","a call to memcpy"
"call to memcpy","file:///opt/src/net/nfs.c:206:2:206:7","a call to memcpy"
"call to memcpy","file:///opt/src/net/nfs.c:106:3:106:8","a call to memcpy"
"call to memcpy","file:///opt/src/net/ping.c:108:3:108:8","a call to memcpy"
"call to memcpy","file:///opt/src/net/rarp.c:88:2:88:7","a call to memcpy"
"call to memcpy","file:///opt/src/net/rarp.c:89:2:89:7","a call to memcpy"
"call to memcpy","file:///opt/src/net/rarp.c:91:2:91:7","a call to memcpy"
"call to memcpy","file:///opt/src/net/rarp.c:47:3:47:8","a call to memcpy"
"call to memcpy","file:///opt/src/net/sntp.c:70:2:70:7","a call to memcpy"
"call to memcpy","file:///opt/src/net/sntp.c:34:2:34:7","a call to memcpy"
"call to memcpy","file:///opt/src/net/tftp.c:218:8:218:13","a call to memcpy"
"call to memcpy","file:///opt/src/net/tftp.c:181:3:181:8","a call to memcpy"
"call to memcpy","file:///opt/src/scripts/dtc/data.c:133:2:133:7","a call to memcpy"
"call to memcpy","file:///opt/src/scripts/dtc/data.c:123:2:123:7","a call to memcpy"
"call to memcpy","file:///opt/src/scripts/dtc/data.c:66:2:66:7","a call to memcpy"
"call to memcpy","file:///opt/src/scripts/dtc/flattree.c:596:2:596:7","a call to memcpy"
"call to memcpy","file:///opt/src/scripts/dtc/srcpos.c:239:2:239:7","a call to memcpy"
"call to memcpy","file:///opt/src/scripts/dtc/srcpos.c:45:3:45:8","a call to memcpy"
"call to memcpy","file:///opt/src/scripts/dtc/util.c:94:2:94:7","a call to memcpy"
"call to memcpy","file:///opt/src/scripts/dtc/util.c:99:2:99:7","a call to memcpy"
"call to memcpy","file:///opt/src/scripts/dtc/util.c:44:2:44:7","a call to memcpy"
"call to memcpy","file:///opt/src/test/compression.c:445:2:445:7","a call to memcpy"
"call to memcpy","file:///opt/src/test/compression.c:272:2:272:7","a call to memcpy"
"call to memcpy","file:///opt/src/test/compression.c:237:2:237:7","a call to memcpy"
"call to memcpy","file:///opt/src/test/compression.c:203:2:203:7","a call to memcpy"
"call to memcpy","file:///opt/src/test/compression.c:168:2:168:7","a call to memcpy"
"call to memcpy","file:///opt/src/test/dm/axi.c:54:2:54:7","a call to memcpy"
"call to memcpy","file:///opt/src/test/dm/axi.c:58:2:58:7","a call to memcpy"
"call to memcpy","file:///opt/src/test/dm/core.c:291:2:291:7","a call to memcpy"
"call to memcpy","file:///opt/src/test/lib/string.c:144:11:144:16","a call to memcpy"
"call to memcpy","file:///opt/src/tools/aisimage.c:244:2:244:7","a call to memcpy"
"call to memcpy","file:///opt/src/common/image-fit.c:2021:3:2021:8","a call to memcpy"
"call to memcpy","file:///opt/src/common/image-fit.c:1688:3:1688:8","a call to memcpy"
"call to memcpy","file:///opt/src/tools/default_image.c:55:2:55:7","a call to memcpy"
"call to memcpy","file:///opt/src/tools/fdtgrep.c:485:3:485:8","a call to memcpy"
"call to memcpy","file:///opt/src/tools/fit_image.c:454:3:454:8","a call to memcpy"
"call to memcpy","file:///opt/src/tools/fit_image.c:183:2:183:7","a call to memcpy"
"call to memcpy","file:///opt/src/tools/ifwitool.c:2057:2:2057:7","a call to memcpy"
"call to memcpy","file:///opt/src/tools/ifwitool.c:2061:2:2061:7","a call to memcpy"
"call to memcpy","file:///opt/src/tools/ifwitool.c:2065:2:2065:7","a call to memcpy"
"call to memcpy","file:///opt/src/tools/ifwitool.c:2089:2:2089:7","a call to memcpy"
"call to memcpy","file:///opt/src/tools/ifwitool.c:1704:3:1704:8","a call to memcpy"
"call to memcpy","file:///opt/src/tools/ifwitool.c:1715:2:1715:7","a call to memcpy"
"call to memcpy","file:///opt/src/tools/ifwitool.c:1646:2:1646:7","a call to memcpy"
"call to memcpy","file:///opt/src/tools/ifwitool.c:1599:2:1599:7","a call to memcpy"
"call to memcpy","file:///opt/src/tools/ifwitool.c:1505:2:1505:7","a call to memcpy"
"call to memcpy","file:///opt/src/tools/ifwitool.c:1538:3:1538:8","a call to memcpy"
"call to memcpy","file:///opt/src/tools/ifwitool.c:1544:3:1544:8","a call to memcpy"
"call to memcpy","file:///opt/src/tools/ifwitool.c:1468:2:1468:7","a call to memcpy"
"call to memcpy","file:///opt/src/tools/ifwitool.c:1336:2:1336:7","a call to memcpy"
"call to memcpy","file:///opt/src/tools/ifwitool.c:1232:3:1232:8","a call to memcpy"
"call to memcpy","file:///opt/src/tools/ifwitool.c:1126:2:1126:7","a call to memcpy"
"call to memcpy","file:///opt/src/tools/ifwitool.c:1133:2:1133:7","a call to memcpy"
"call to memcpy","file:///opt/src/tools/ifwitool.c:1141:3:1141:8","a call to memcpy"
"call to memcpy","file:///opt/src/tools/ifwitool.c:1020:2:1020:7","a call to memcpy"
"call to memcpy","file:///opt/src/tools/ifwitool.c:995:3:995:8","a call to memcpy"
"call to memcpy","file:///opt/src/tools/imx8image.c:749:3:749:49","a call to memcpy"
"call to memcpy","file:///opt/src/tools/imx8image.c:758:4:758:54","a call to memcpy"
"call to memcpy","file:///opt/src/tools/imx8image.c:760:3:760:61","a call to memcpy"
"call to memcpy","file:///opt/src/tools/imximage.c:590:2:590:7","a call to memcpy"
"call to memcpy","file:///opt/src/tools/kwbimage.c:1595:2:1595:7","a call to memcpy"
"call to memcpy","file:///opt/src/lib/crc16.c:83:2:83:7","a call to memcpy"
"call to memcpy","file:///opt/src/lib/crc32.c:265:2:265:7","a call to memcpy"
"call to memcpy","file:///opt/src/lib/rsa/rsa-mod-exp.c:293:2:293:7","a call to memcpy"
"call to memcpy","file:///opt/src/lib/rsa/rsa-mod-exp.c:299:2:299:7","a call to memcpy"
"call to memcpy","file:///opt/src/lib/rsa/rsa-mod-exp.c:212:2:212:7","a call to memcpy"
"call to memcpy","file:///opt/src/lib/rsa/rsa-mod-exp.c:222:4:222:9","a call to memcpy"
"call to memcpy","file:///opt/src/lib/rsa/rsa-mod-exp.c:229:2:229:7","a call to memcpy"
"call to memcpy","file:///opt/src/lib/rsa/rsa-verify.c:220:2:220:7","a call to memcpy"
"call to memcpy","file:///opt/src/lib/rsa/rsa-verify.c:221:2:221:7","a call to memcpy"
"call to memcpy","file:///opt/src/lib/rsa/rsa-verify.c:251:2:251:7","a call to memcpy"
"call to memcpy","file:///opt/src/scripts/dtc/libfdt/fdt_overlay.c:310:4:310:9","a call to memcpy"
"call to memcpy","file:///opt/src/scripts/dtc/libfdt/fdt_rw.c:381:2:381:7","a call to memcpy"
"call to memcpy","file:///opt/src/scripts/dtc/libfdt/fdt_rw.c:322:3:322:8","a call to memcpy"
"call to memcpy","file:///opt/src/scripts/dtc/libfdt/fdt_rw.c:327:3:327:8","a call to memcpy"
"call to memcpy","file:///opt/src/scripts/dtc/libfdt/fdt_rw.c:170:2:170:7","a call to memcpy"
"call to memcpy","file:///opt/src/tools/libfdt/fdt_rw.c:16:2:16:7","a call to memcpy"
"call to memcpy","file:///opt/src/scripts/dtc/libfdt/fdt_sw.c:218:2:218:7","a call to memcpy"
"call to memcpy","file:///opt/src/scripts/dtc/libfdt/fdt_sw.c:182:2:182:7","a call to memcpy"
"call to memcpy","file:///opt/src/tools/mkenvimage.c:260:2:260:7","a call to memcpy"
"call to memcpy","file:///opt/src/tools/mtk_image.c:691:3:691:8","a call to memcpy"
"call to memcpy","file:///opt/src/tools/mtk_image.c:575:2:575:7","a call to memcpy"
"call to memcpy","file:///opt/src/tools/mxsimage.c:2277:2:2277:7","a call to memcpy"
"call to memcpy","file:///opt/src/tools/mxsimage.c:2282:3:2282:8","a call to memcpy"
"call to memcpy","file:///opt/src/tools/mxsimage.c:2287:2:2287:7","a call to memcpy"
"call to memcpy","file:///opt/src/tools/mxsimage.c:2296:4:2296:9","a call to memcpy"
"call to memcpy","file:///opt/src/tools/mxsimage.c:2300:5:2300:10","a call to memcpy"
"call to memcpy","file:///opt/src/tools/mxsimage.c:2310:2:2310:7","a call to memcpy"
"call to memcpy","file:///opt/src/tools/mxsimage.c:1319:2:1319:7","a call to memcpy"
"call to memcpy","file:///opt/src/tools/mxsimage.c:1320:2:1320:7","a call to memcpy"
"call to memcpy","file:///opt/src/tools/mxsimage.c:981:3:981:8","a call to memcpy"
"call to memcpy","file:///opt/src/tools/mxsimage.c:241:3:241:8","a call to memcpy"
"call to memcpy","file:///opt/src/tools/rkcommon.c:231:2:231:7","a call to memcpy"
"call to memcpy","file:///opt/src/tools/rkcommon.c:199:2:199:7","a call to memcpy"
"call to memcpy","file:///opt/src/tools/rkimage.c:18:2:18:7","a call to memcpy"
"call to memcpy","file:///opt/src/tools/socfpgaimage.c:172:2:172:7","a call to memcpy"
"call to memcpy","file:///opt/src/tools/socfpgaimage.c:182:3:182:8","a call to memcpy"
"call to memcpy","file:///opt/src/tools/socfpgaimage.c:147:3:147:8","a call to memcpy"
"call to memcpy","file:///opt/src/tools/socfpgaimage.c:151:3:151:8","a call to memcpy"
"call to memcpy","file:///opt/src/tools/zynqmpbif.c:637:4:637:9","a call to memcpy"
"call to memcpy","file:///opt/src/tools/zynqmpbif.c:589:4:589:9","a call to memcpy"
"call to memcpy","file:///opt/src/tools/zynqmpbif.c:336:3:336:8","a call to memcpy"
"call to memcpy","file:///opt/src/tools/zynqmpbif.c:265:2:265:7","a call to memcpy"
