"dollarCall","URL for dollarCall"
"$(funct ... \n  }\n})","file:///opt/src/docs/_includes/getting-started/browser-device-support.html:222:1:228:2"
"$('sele ... ntrol')","file:///opt/src/docs/_includes/getting-started/browser-device-support.html:226:5:226:28"
"$('#myButton')","file:///opt/src/docs/_includes/js/buttons.html:29:3:29:16"
"$(this)","file:///opt/src/docs/_includes/js/buttons.html:30:16:30:22"
"$('#myStateButton')","file:///opt/src/docs/_includes/js/buttons.html:134:3:134:21"
"$(this)","file:///opt/src/docs/_includes/js/buttons.html:135:5:135:11"
"$(funct ... )\n\n  })","file:///opt/src/docs/assets/js/src/application.js:17:3:174:4"
"$(window)","file:///opt/src/docs/assets/js/src/application.js:20:19:20:27"
"$(document.body)","file:///opt/src/docs/assets/js/src/application.js:21:19:21:34"
"$('.bs- ... =""#""]')","file:///opt/src/docs/assets/js/src/application.js:31:5:31:38"
"$('.bs- ... debar')","file:///opt/src/docs/assets/js/src/application.js:37:22:37:42"
"$('.bs-docs-nav')","file:///opt/src/docs/assets/js/src/application.js:44:34:44:50"
"$('.bs-docs-footer')","file:///opt/src/docs/assets/js/src/application.js:49:35:49:54"
"$('.bs-top')","file:///opt/src/docs/assets/js/src/application.js:56:7:56:18"
"$('#bs- ... sheet')","file:///opt/src/docs/assets/js/src/application.js:61:29:61:53"
"$('.bs- ... oggle')","file:///opt/src/docs/assets/js/src/application.js:62:23:62:48"
"$('.tooltip-demo')","file:///opt/src/docs/assets/js/src/application.js:87:5:87:22"
"$('.popover-demo')","file:///opt/src/docs/assets/js/src/application.js:91:5:91:22"
"$('.tooltip-test')","file:///opt/src/docs/assets/js/src/application.js:97:5:97:22"
"$('.popover-test')","file:///opt/src/docs/assets/js/src/application.js:98:5:98:22"
"$('.bs- ... pover')","file:///opt/src/docs/assets/js/src/application.js:101:5:101:25"
"$('#loa ... e-btn')","file:///opt/src/docs/assets/js/src/application.js:104:5:104:29"
"$(this)","file:///opt/src/docs/assets/js/src/application.js:105:18:105:24"
"$('#exampleModal')","file:///opt/src/docs/assets/js/src/application.js:113:5:113:22"
"$(event ... Target)","file:///opt/src/docs/assets/js/src/application.js:114:21:114:42"
"$(this)","file:///opt/src/docs/assets/js/src/application.js:118:20:118:26"
"$('.bs- ... ssbar')","file:///opt/src/docs/assets/js/src/application.js:124:5:124:47"
"$(this)","file:///opt/src/docs/assets/js/src/application.js:125:7:125:13"
"$('.highlight')","file:///opt/src/docs/assets/js/src/application.js:135:5:135:19"
"$(this)","file:///opt/src/docs/assets/js/src/application.js:137:7:137:13"
"$('.btn-clipboard')","file:///opt/src/docs/assets/js/src/application.js:139:43:139:61"
"$('#glo ... ridge')","file:///opt/src/docs/assets/js/src/application.js:140:23:140:60"
"$(this)","file:///opt/src/docs/assets/js/src/application.js:152:25:152:31"
"$('.zero-clipboard')","file:///opt/src/docs/assets/js/src/application.js:170:7:170:26"
"$('#imp ... arget')","file:///opt/src/docs/assets/js/src/customizer.js:21:27:21:50"
"$('<div ... /div>')","file:///opt/src/docs/assets/js/src/customizer.js:24:5:31:15"
"$('<p></p>')","file:///opt/src/docs/assets/js/src/customizer.js:28:26:28:37"
"$('<pre ... /pre>')","file:///opt/src/docs/assets/js/src/customizer.js:29:26:29:77"
"$('<div ... /div>')","file:///opt/src/docs/assets/js/src/customizer.js:36:5:38:13"
"$('<div ... /div>')","file:///opt/src/docs/assets/js/src/customizer.js:42:20:45:13"
"$('<div ... /div>')","file:///opt/src/docs/assets/js/src/customizer.js:55:5:55:188"
"$('#les ... input')","file:///opt/src/docs/assets/js/src/customizer.js:104:5:104:38"
"$(this)","file:///opt/src/docs/assets/js/src/customizer.js:106:9:106:15"
"$(this)","file:///opt/src/docs/assets/js/src/customizer.js:106:32:106:38"
"$(this)","file:///opt/src/docs/assets/js/src/customizer.js:106:57:106:63"
"$('#les ... ecked')","file:///opt/src/docs/assets/js/src/customizer.js:111:12:111:43"
"$('#plu ... ecked')","file:///opt/src/docs/assets/js/src/customizer.js:112:12:112:45"
"$('#plu ... input')","file:///opt/src/docs/assets/js/src/customizer.js:122:7:122:32"
"$(this)","file:///opt/src/docs/assets/js/src/customizer.js:123:9:123:15"
"$('#les ... input')","file:///opt/src/docs/assets/js/src/customizer.js:127:7:127:30"
"$(this)","file:///opt/src/docs/assets/js/src/customizer.js:128:9:128:15"
"$('inpu ... + '""]')","file:///opt/src/docs/assets/js/src/customizer.js:133:9:133:40"
"$('#les ... ecked')","file:///opt/src/docs/assets/js/src/customizer.js:203:23:203:74"
"$('#les ... input')","file:///opt/src/docs/assets/js/src/customizer.js:283:5:283:28"
"$(this)","file:///opt/src/docs/assets/js/src/customizer.js:284:19:284:25"
"$('#les ... input')","file:///opt/src/docs/assets/js/src/customizer.js:296:5:296:38"
"$(this)","file:///opt/src/docs/assets/js/src/customizer.js:298:9:298:15"
"$(this)","file:///opt/src/docs/assets/js/src/customizer.js:298:32:298:38"
"$(this)","file:///opt/src/docs/assets/js/src/customizer.js:298:57:298:63"
"$('#plu ... ecked')","file:///opt/src/docs/assets/js/src/customizer.js:340:20:340:53"
"$('#imp ... elect')","file:///opt/src/docs/assets/js/src/customizer.js:406:3:406:26"
"$('#imp ... igger')","file:///opt/src/docs/assets/js/src/customizer.js:407:3:407:29"
"$('#les ... input')","file:///opt/src/docs/assets/js/src/customizer.js:409:26:409:49"
"$('#plu ... input')","file:///opt/src/docs/assets/js/src/customizer.js:410:26:410:51"
"$('#les ... input')","file:///opt/src/docs/assets/js/src/customizer.js:411:26:411:59"
"$('#les ... oggle')","file:///opt/src/docs/assets/js/src/customizer.js:413:3:413:28"
"$('#plu ... oggle')","file:///opt/src/docs/assets/js/src/customizer.js:418:3:418:30"
"$('#les ... oggle')","file:///opt/src/docs/assets/js/src/customizer.js:423:3:423:38"
"$('[dat ... cies]')","file:///opt/src/docs/assets/js/src/customizer.js:428:3:428:26"
"$(this)","file:///opt/src/docs/assets/js/src/customizer.js:429:10:429:16"
"$('[val ... + '""]')","file:///opt/src/docs/assets/js/src/customizer.js:434:25:434:62"
"$('[dat ... ents]')","file:///opt/src/docs/assets/js/src/customizer.js:439:3:439:24"
"$(this)","file:///opt/src/docs/assets/js/src/customizer.js:440:9:440:15"
"$('[val ... + '""]')","file:///opt/src/docs/assets/js/src/customizer.js:445:24:445:59"
"$('#btn-compile')","file:///opt/src/docs/assets/js/src/customizer.js:450:21:450:37"
"$(document)","file:///opt/src/docs/examples/offcanvas/offcanvas.js:1:1:1:11"
"$('[dat ... vas""]')","file:///opt/src/docs/examples/offcanvas/offcanvas.js:2:3:2:32"
"$('.row-offcanvas')","file:///opt/src/docs/examples/offcanvas/offcanvas.js:3:5:3:23"
"$(document)","file:///opt/src/docs/examples/tooltip-viewport/tooltip-viewport.js:1:1:1:11"
"$('.tooltip-right')","file:///opt/src/docs/examples/tooltip-viewport/tooltip-viewport.js:2:3:2:21"
"$('.tooltip-bottom')","file:///opt/src/docs/examples/tooltip-viewport/tooltip-viewport.js:6:3:6:22"
"$('.too ... right')","file:///opt/src/docs/examples/tooltip-viewport/tooltip-viewport.js:10:3:10:30"
"$('.too ... ottom')","file:///opt/src/docs/examples/tooltip-viewport/tooltip-viewport.js:14:3:14:31"
"$(this. ... target)","file:///opt/src/js/affix.js:19:20:19:41"
"$(element)","file:///opt/src/js/affix.js:23:25:23:34"
"$(document)","file:///opt/src/js/affix.js:81:33:81:43"
"$(document.body)","file:///opt/src/js/affix.js:81:55:81:70"
"$(this)","file:///opt/src/js/affix.js:121:21:121:27"
"$(window)","file:///opt/src/js/affix.js:148:3:148:11"
"$('[dat ... fix""]')","file:///opt/src/js/affix.js:149:5:149:27"
"$(this)","file:///opt/src/js/affix.js:150:18:150:24"
"$(el)","file:///opt/src/js/alert.js:18:5:18:9"
"$(this)","file:///opt/src/js/alert.js:26:20:26:26"
"$(selec ... lector)","file:///opt/src/js/alert.js:34:19:34:53"
"$(this)","file:///opt/src/js/alert.js:66:19:66:25"
"$(document)","file:///opt/src/js/alert.js:92:3:92:13"
"$(element)","file:///opt/src/js/button.js:17:22:17:31"
"$(this)","file:///opt/src/js/button.js:80:21:80:27"
"$(document)","file:///opt/src/js/button.js:109:3:109:13"
"$(e.target)","file:///opt/src/js/button.js:111:18:111:28"
"$(e.target)","file:///opt/src/js/button.js:113:13:113:23"
"$(e.target)","file:///opt/src/js/button.js:122:7:122:17"
"$(element)","file:///opt/src/js/carousel.js:17:24:17:33"
"$(this. ... next)])","file:///opt/src/js/carousel.js:140:28:140:83"
"$(this)","file:///opt/src/js/carousel.js:178:21:178:27"
"$(this)","file:///opt/src/js/carousel.js:210:19:210:25"
"$($this ... /, ''))","file:///opt/src/js/carousel.js:211:19:211:115"
"$(document)","file:///opt/src/js/carousel.js:226:3:226:13"
"$(window)","file:///opt/src/js/carousel.js:230:3:230:11"
"$('[dat ... sel""]')","file:///opt/src/js/carousel.js:231:5:231:31"
"$(this)","file:///opt/src/js/carousel.js:232:23:232:29"
"$(element)","file:///opt/src/js/collapse.js:18:26:18:35"
"$('[dat ... + '""]')","file:///opt/src/js/collapse.js:20:26:21:89"
"$(this. ... parent)","file:///opt/src/js/collapse.js:140:12:140:33"
"$(element)","file:///opt/src/js/collapse.js:143:24:143:33"
"$(target)","file:///opt/src/js/collapse.js:163:12:163:20"
"$(this)","file:///opt/src/js/collapse.js:172:21:172:27"
"$(document)","file:///opt/src/js/collapse.js:200:3:200:13"
"$(this)","file:///opt/src/js/collapse.js:201:19:201:25"
"$(element)","file:///opt/src/js/dropdown.js:19:5:19:14"
"$(selector)","file:///opt/src/js/dropdown.js:32:31:32:41"
"$(backdrop)","file:///opt/src/js/dropdown.js:39:5:39:15"
"$(toggle)","file:///opt/src/js/dropdown.js:40:5:40:13"
"$(this)","file:///opt/src/js/dropdown.js:41:27:41:33"
"$(this)","file:///opt/src/js/dropdown.js:59:17:59:23"
"$(docum ... 'div'))","file:///opt/src/js/dropdown.js:71:9:71:40"
"$(this)","file:///opt/src/js/dropdown.js:73:24:73:30"
"$(this)","file:///opt/src/js/dropdown.js:97:17:97:23"
"$(this)","file:///opt/src/js/dropdown.js:132:19:132:25"
"$(document)","file:///opt/src/js/dropdown.js:158:3:158:13"
"$(document.body)","file:///opt/src/js/modal.js:18:32:18:47"
"$(element)","file:///opt/src/js/modal.js:19:32:19:41"
"$(e.target)","file:///opt/src/js/modal.js:72:13:72:23"
"$(document)","file:///opt/src/js/modal.js:123:5:123:15"
"$(document)","file:///opt/src/js/modal.js:140:5:140:15"
"$(window)","file:///opt/src/js/modal.js:163:7:163:15"
"$(window)","file:///opt/src/js/modal.js:165:7:165:15"
"$(docum ... 'div'))","file:///opt/src/js/modal.js:192:24:192:55"
"$(this)","file:///opt/src/js/modal.js:294:21:294:27"
"$(document)","file:///opt/src/js/modal.js:322:3:322:13"
"$(this)","file:///opt/src/js/modal.js:323:19:323:25"
"$($this ... , '')))","file:///opt/src/js/modal.js:325:19:325:94"
"$(this)","file:///opt/src/js/popover.js:84:21:84:27"
"$(document.body)","file:///opt/src/js/scrollspy.js:17:27:17:42"
"$(element)","file:///opt/src/js/scrollspy.js:18:27:18:36"
"$(window)","file:///opt/src/js/scrollspy.js:18:58:18:66"
"$(element)","file:///opt/src/js/scrollspy.js:18:70:18:79"
"$(this)","file:///opt/src/js/scrollspy.js:58:21:58:27"
"$(href)","file:///opt/src/js/scrollspy.js:60:41:60:47"
"$(selector)","file:///opt/src/js/scrollspy.js:113:18:113:28"
"$(this.selector)","file:///opt/src/js/scrollspy.js:127:5:127:20"
"$(this)","file:///opt/src/js/scrollspy.js:138:21:138:27"
"$(window)","file:///opt/src/js/scrollspy.js:165:3:165:11"
"$('[dat ... oll""]')","file:///opt/src/js/scrollspy.js:166:5:166:28"
"$(this)","file:///opt/src/js/scrollspy.js:167:18:167:24"
"$(element)","file:///opt/src/js/tab.js:18:20:18:29"
"$(selector)","file:///opt/src/js/tab.js:51:19:51:29"
"$(this)","file:///opt/src/js/tab.js:120:19:120:25"
"$(this)","file:///opt/src/js/tab.js:148:17:148:23"
"$(document)","file:///opt/src/js/tab.js:151:3:151:13"
"$(window)","file:///opt/src/js/tests/index.html:80:9:80:17"
"$('#qunit-fixture')","file:///opt/src/js/tests/index.html:91:9:91:27"
"$('#mod ... kdrop')","file:///opt/src/js/tests/index.html:92:9:92:41"
"$('#qunit-fixture')","file:///opt/src/js/tests/index.html:98:11:98:29"
"$('#qunit-fixture')","file:///opt/src/js/tests/index.html:102:11:102:29"
"$(funct ...   })\n})","file:///opt/src/js/tests/unit/affix.js:1:1:107:2"
"$(document.body)","file:///opt/src/js/tests/unit/affix.js:8:15:8:30"
"$('<div/>')","file:///opt/src/js/tests/unit/affix.js:29:15:29:25"
"$('<div ... ne""/>')","file:///opt/src/js/tests/unit/affix.js:37:18:37:50"
"$(templateHTML)","file:///opt/src/js/tests/unit/affix.js:53:5:53:19"
"$('#affixTarget')","file:///opt/src/js/tests/unit/affix.js:55:5:55:21"
"$('#affixTarget ul')","file:///opt/src/js/tests/unit/affix.js:56:15:56:34"
"$('#affixTarget')","file:///opt/src/js/tests/unit/affix.js:59:5:59:21"
"$('#aff ... After')","file:///opt/src/js/tests/unit/affix.js:64:9:64:38"
"$(templateHTML)","file:///opt/src/js/tests/unit/affix.js:87:5:87:19"
"$('#affixTopTarget')","file:///opt/src/js/tests/unit/affix.js:89:5:89:24"
"$('#affixTopTarget')","file:///opt/src/js/tests/unit/affix.js:94:19:94:38"
"$('#padding-offset')","file:///opt/src/js/tests/unit/affix.js:95:9:95:28"
"$(funct ...  })\n\n})","file:///opt/src/js/tests/unit/alert.js:1:1:78:2"
"$(document.body)","file:///opt/src/js/tests/unit/alert.js:8:15:8:30"
"$('<div/>')","file:///opt/src/js/tests/unit/alert.js:29:15:29:25"
"$(alertHTML)","file:///opt/src/js/tests/unit/alert.js:41:18:41:29"
"$(alertHTML)","file:///opt/src/js/tests/unit/alert.js:54:18:54:29"
"$('#qunit-fixture')","file:///opt/src/js/tests/unit/alert.js:56:21:56:39"
"$('#qunit-fixture')","file:///opt/src/js/tests/unit/alert.js:60:24:60:42"
"$('<div ... rt""/>')","file:///opt/src/js/tests/unit/alert.js:66:5:66:29"
"$(funct ...  })\n\n})","file:///opt/src/js/tests/unit/button.js:1:1:168:2"
"$(document.body)","file:///opt/src/js/tests/unit/button.js:8:15:8:30"
"$('<div/>')","file:///opt/src/js/tests/unit/button.js:29:15:29:25"
"$('<but ... tton>')","file:///opt/src/js/tests/unit/button.js:37:16:37:76"
"$('<but ... tton>')","file:///opt/src/js/tests/unit/button.js:51:16:51:76"
"$('<but ... at""/>')","file:///opt/src/js/tests/unit/button.js:73:16:73:65"
"$('<but ... tton>')","file:///opt/src/js/tests/unit/button.js:95:16:95:73"
"$('<but ... tton>')","file:///opt/src/js/tests/unit/button.js:103:16:103:73"
"$('<i/>')","file:///opt/src/js/tests/unit/button.js:104:18:104:26"
"$('<but ... tton>')","file:///opt/src/js/tests/unit/button.js:115:16:115:96"
"$('<but ... tton>')","file:///opt/src/js/tests/unit/button.js:123:16:123:96"
"$('<i/>')","file:///opt/src/js/tests/unit/button.js:124:18:124:26"
"$(groupHTML)","file:///opt/src/js/tests/unit/button.js:146:18:146:29"
"$(funct ...   })\n})","file:///opt/src/js/tests/unit/carousel.js:1:1:718:2"
"$(document.body)","file:///opt/src/js/tests/unit/carousel.js:8:15:8:30"
"$('<div/>')","file:///opt/src/js/tests/unit/carousel.js:29:15:29:25"
"$('<div ... el""/>')","file:///opt/src/js/tests/unit/carousel.js:38:5:38:32"
"$(carouselHTML)","file:///opt/src/js/tests/unit/carousel.js:72:21:72:35"
"$(carouselHTML)","file:///opt/src/js/tests/unit/carousel.js:131:21:131:35"
"$(carouselHTML)","file:///opt/src/js/tests/unit/carousel.js:186:21:186:35"
"$(template)","file:///opt/src/js/tests/unit/carousel.js:244:5:244:15"
"$(e.relatedTarget)","file:///opt/src/js/tests/unit/carousel.js:247:19:247:36"
"$(template)","file:///opt/src/js/tests/unit/carousel.js:291:5:291:15"
"$(e.relatedTarget)","file:///opt/src/js/tests/unit/carousel.js:294:19:294:36"
"$(templateHTML)","file:///opt/src/js/tests/unit/carousel.js:335:21:335:35"
"$('[data-slide]')","file:///opt/src/js/tests/unit/carousel.js:339:5:339:21"
"$('[data-slide]')","file:///opt/src/js/tests/unit/carousel.js:344:5:344:21"
"$('[data-slide]')","file:///opt/src/js/tests/unit/carousel.js:349:5:349:21"
"$('[data-slide]')","file:///opt/src/js/tests/unit/carousel.js:351:5:351:21"
"$(templateHTML)","file:///opt/src/js/tests/unit/carousel.js:377:21:377:35"
"$(templateHTML)","file:///opt/src/js/tests/unit/carousel.js:403:21:403:35"
"$(templateHTML)","file:///opt/src/js/tests/unit/carousel.js:429:21:429:35"
"$(templateHTML)","file:///opt/src/js/tests/unit/carousel.js:455:21:455:35"
"$(templateHTML)","file:///opt/src/js/tests/unit/carousel.js:481:21:481:35"
"$(templateHTML)","file:///opt/src/js/tests/unit/carousel.js:513:21:513:35"
"$(templateHTML)","file:///opt/src/js/tests/unit/carousel.js:555:21:555:35"
"$(carouselHTML)","file:///opt/src/js/tests/unit/carousel.js:584:21:584:35"
"$(carouselHTML)","file:///opt/src/js/tests/unit/carousel.js:629:21:629:35"
"$(carouselHTML)","file:///opt/src/js/tests/unit/carousel.js:663:21:663:35"
"$(carouselHTML)","file:///opt/src/js/tests/unit/carousel.js:709:21:709:35"
"$(funct ...  })\n\n})","file:///opt/src/js/tests/unit/collapse.js:1:1:443:2"
"$(document.body)","file:///opt/src/js/tests/unit/collapse.js:8:15:8:30"
"$('<div/>')","file:///opt/src/js/tests/unit/collapse.js:29:15:29:25"
"$('<div ... se""/>')","file:///opt/src/js/tests/unit/collapse.js:37:15:37:42"
"$('<div ... se""/>')","file:///opt/src/js/tests/unit/collapse.js:45:15:45:42"
"$('<div ... se""/>')","file:///opt/src/js/tests/unit/collapse.js:54:5:54:32"
"$('<div ... px""/>')","file:///opt/src/js/tests/unit/collapse.js:70:5:70:52"
"$('<a r ... t1""/>')","file:///opt/src/js/tests/unit/collapse.js:85:19:85:96"
"$('<div ... t1""/>')","file:///opt/src/js/tests/unit/collapse.js:87:5:87:26"
"$('<a r ... t1""/>')","file:///opt/src/js/tests/unit/collapse.js:101:19:101:78"
"$('<div ... in""/>')","file:///opt/src/js/tests/unit/collapse.js:103:5:103:37"
"$('<a r ... t1""/>')","file:///opt/src/js/tests/unit/collapse.js:117:19:117:96"
"$('<a r ... t1""/>')","file:///opt/src/js/tests/unit/collapse.js:118:16:118:93"
"$('<div ... t1""/>')","file:///opt/src/js/tests/unit/collapse.js:120:5:120:26"
"$('<a r ... t1""/>')","file:///opt/src/js/tests/unit/collapse.js:135:19:135:78"
"$('<a r ... t1""/>')","file:///opt/src/js/tests/unit/collapse.js:136:16:136:75"
"$('<div ... in""/>')","file:///opt/src/js/tests/unit/collapse.js:138:5:138:37"
"$('<div ... in""/>')","file:///opt/src/js/tests/unit/collapse.js:153:17:153:49"
"$('<div ... 1"" />')","file:///opt/src/js/tests/unit/collapse.js:168:17:168:39"
"$('<div ... /div>')","file:///opt/src/js/tests/unit/collapse.js:183:5:183:37"
"$('<div ... /div>')","file:///opt/src/js/tests/unit/collapse.js:197:5:197:40"
"$(accordionHTML)","file:///opt/src/js/tests/unit/collapse.js:216:19:216:34"
"$('<a r ... on""/>')","file:///opt/src/js/tests/unit/collapse.js:218:20:218:104"
"$('<div ... in""/>')","file:///opt/src/js/tests/unit/collapse.js:220:5:220:37"
"$('<a c ... on""/>')","file:///opt/src/js/tests/unit/collapse.js:222:20:222:122"
"$('<div ... y2""/>')","file:///opt/src/js/tests/unit/collapse.js:224:5:224:26"
"$('<a c ... on""/>')","file:///opt/src/js/tests/unit/collapse.js:226:20:226:122"
"$('<div ... y3""/>')","file:///opt/src/js/tests/unit/collapse.js:228:5:228:26"
"$(accordionHTML)","file:///opt/src/js/tests/unit/collapse.js:250:19:250:34"
"$('<a r ... on""/>')","file:///opt/src/js/tests/unit/collapse.js:252:20:252:104"
"$('<div ... in""/>')","file:///opt/src/js/tests/unit/collapse.js:254:5:254:37"
"$('<a c ... on""/>')","file:///opt/src/js/tests/unit/collapse.js:256:20:256:122"
"$('<div ... y2""/>')","file:///opt/src/js/tests/unit/collapse.js:258:5:258:26"
"$('<a c ... on""/>')","file:///opt/src/js/tests/unit/collapse.js:260:20:260:122"
"$('<div ... y3""/>')","file:///opt/src/js/tests/unit/collapse.js:262:5:262:26"
"$('<a r ... se""/>')","file:///opt/src/js/tests/unit/collapse.js:279:19:279:118"
"$('<div ... t1""/>')","file:///opt/src/js/tests/unit/collapse.js:281:5:281:26"
"$('<a r ... ue""/>')","file:///opt/src/js/tests/unit/collapse.js:295:19:295:99"
"$('<div ... in""/>')","file:///opt/src/js/tests/unit/collapse.js:297:5:297:37"
"$('<a r ... se""/>')","file:///opt/src/js/tests/unit/collapse.js:311:19:311:118"
"$('<a r ... se""/>')","file:///opt/src/js/tests/unit/collapse.js:312:16:312:115"
"$('<div ... t1""/>')","file:///opt/src/js/tests/unit/collapse.js:314:5:314:26"
"$('<a r ... ue""/>')","file:///opt/src/js/tests/unit/collapse.js:329:19:329:99"
"$('<a r ... ue""/>')","file:///opt/src/js/tests/unit/collapse.js:330:16:330:96"
"$('<div ... in""/>')","file:///opt/src/js/tests/unit/collapse.js:332:5:332:37"
"$(accordionHTML)","file:///opt/src/js/tests/unit/collapse.js:352:19:352:34"
"$('<a r ... on""/>')","file:///opt/src/js/tests/unit/collapse.js:354:20:354:104"
"$('<div ... in""/>')","file:///opt/src/js/tests/unit/collapse.js:356:5:356:58"
"$('<a c ... on""/>')","file:///opt/src/js/tests/unit/collapse.js:358:20:358:122"
"$('<div ... se""/>')","file:///opt/src/js/tests/unit/collapse.js:360:5:360:48"
"$('<a c ... on""/>')","file:///opt/src/js/tests/unit/collapse.js:362:20:362:122"
"$('<div ... se""/>')","file:///opt/src/js/tests/unit/collapse.js:364:5:364:48"
"$(accordionHTML)","file:///opt/src/js/tests/unit/collapse.js:386:21:386:36"
"$('<a r ... on""/>')","file:///opt/src/js/tests/unit/collapse.js:388:20:388:104"
"$('<div ... se""/>')","file:///opt/src/js/tests/unit/collapse.js:390:5:390:43"
"$('<a r ... on""/>')","file:///opt/src/js/tests/unit/collapse.js:396:20:396:104"
"$('<div ... se""/>')","file:///opt/src/js/tests/unit/collapse.js:397:20:397:58"
"$('<a r ... t1""/>')","file:///opt/src/js/tests/unit/collapse.js:417:19:417:78"
"$('<div ... in""/>')","file:///opt/src/js/tests/unit/collapse.js:419:5:419:37"
"$('<a r ... t1""/>')","file:///opt/src/js/tests/unit/collapse.js:432:19:432:96"
"$('<div ... t1""/>')","file:///opt/src/js/tests/unit/collapse.js:434:5:434:26"
"$(funct ...   })\n})","file:///opt/src/js/tests/unit/dropdown.js:1:1:423:2"
"$(document.body)","file:///opt/src/js/tests/unit/dropdown.js:8:15:8:30"
"$('<div/>')","file:///opt/src/js/tests/unit/dropdown.js:29:15:29:25"
"$(dropdownHTML)","file:///opt/src/js/tests/unit/dropdown.js:48:21:48:35"
"$(dropdownHTML)","file:///opt/src/js/tests/unit/dropdown.js:66:21:66:35"
"$(dropdownHTML)","file:///opt/src/js/tests/unit/dropdown.js:88:21:88:35"
"$(document.body)","file:///opt/src/js/tests/unit/dropdown.js:101:5:101:20"
"$(dropdownHTML)","file:///opt/src/js/tests/unit/dropdown.js:117:21:117:35"
"$(dropdownHTML)","file:///opt/src/js/tests/unit/dropdown.js:135:21:135:35"
"$(dropdownHTML)","file:///opt/src/js/tests/unit/dropdown.js:153:21:153:35"
"$(dropdownHTML)","file:///opt/src/js/tests/unit/dropdown.js:172:21:172:35"
"$(document.body)","file:///opt/src/js/tests/unit/dropdown.js:179:5:179:20"
"$(dropdownHTML)","file:///opt/src/js/tests/unit/dropdown.js:201:22:201:36"
"$('#qun ... .open')","file:///opt/src/js/tests/unit/dropdown.js:209:24:209:48"
"$(document.body)","file:///opt/src/js/tests/unit/dropdown.js:210:5:210:20"
"$('#qun ... .open')","file:///opt/src/js/tests/unit/dropdown.js:211:24:211:48"
"$('#qun ... .open')","file:///opt/src/js/tests/unit/dropdown.js:215:24:215:48"
"$(document.body)","file:///opt/src/js/tests/unit/dropdown.js:216:5:216:20"
"$('#qun ... .open')","file:///opt/src/js/tests/unit/dropdown.js:217:24:217:48"
"$(dropdownHTML)","file:///opt/src/js/tests/unit/dropdown.js:233:21:233:35"
"$(document.body)","file:///opt/src/js/tests/unit/dropdown.js:251:5:251:20"
"$(dropdownHTML)","file:///opt/src/js/tests/unit/dropdown.js:268:21:268:35"
"$(document.body)","file:///opt/src/js/tests/unit/dropdown.js:286:5:286:20"
"$(dropdownHTML)","file:///opt/src/js/tests/unit/dropdown.js:302:21:302:35"
"$(document.body)","file:///opt/src/js/tests/unit/dropdown.js:315:9:315:24"
"$(dropdownHTML)","file:///opt/src/js/tests/unit/dropdown.js:338:21:338:35"
"$('#input')","file:///opt/src/js/tests/unit/dropdown.js:343:18:343:28"
"$('#textarea')","file:///opt/src/js/tests/unit/dropdown.js:344:21:344:34"
"$(docum ... lement)","file:///opt/src/js/tests/unit/dropdown.js:352:19:352:43"
"$(docum ... lement)","file:///opt/src/js/tests/unit/dropdown.js:355:19:355:43"
"$(dropdownHTML)","file:///opt/src/js/tests/unit/dropdown.js:374:21:374:35"
"$(docum ... lement)","file:///opt/src/js/tests/unit/dropdown.js:383:16:383:40"
"$(dropdownHTML)","file:///opt/src/js/tests/unit/dropdown.js:394:21:394:35"
"$('#textField')","file:///opt/src/js/tests/unit/dropdown.js:400:5:400:19"
"$(dropdownHTML)","file:///opt/src/js/tests/unit/dropdown.js:413:21:413:35"
"$('#textArea')","file:///opt/src/js/tests/unit/dropdown.js:419:5:419:18"
"$(funct ...   })\n})","file:///opt/src/js/tests/unit/modal.js:1:1:377:2"
"$(document.body)","file:///opt/src/js/tests/unit/modal.js:8:15:8:30"
"$('<div ... st""/>')","file:///opt/src/js/tests/unit/modal.js:29:15:29:41"
"$('<div ... st""/>')","file:///opt/src/js/tests/unit/modal.js:44:5:44:31"
"$('#modal-test')","file:///opt/src/js/tests/unit/modal.js:46:25:46:40"
"$('<div ... st""/>')","file:///opt/src/js/tests/unit/modal.js:56:5:56:31"
"$('<div ... st""/>')","file:///opt/src/js/tests/unit/modal.js:68:5:68:31"
"$('<div ... st""/>')","file:///opt/src/js/tests/unit/modal.js:84:5:84:31"
"$('#modal-test')","file:///opt/src/js/tests/unit/modal.js:86:19:86:34"
"$('#modal-test')","file:///opt/src/js/tests/unit/modal.js:87:25:87:40"
"$(this)","file:///opt/src/js/tests/unit/modal.js:88:9:88:15"
"$('#modal-test')","file:///opt/src/js/tests/unit/modal.js:91:20:91:35"
"$('<div ... st""/>')","file:///opt/src/js/tests/unit/modal.js:101:5:101:31"
"$('#modal-test')","file:///opt/src/js/tests/unit/modal.js:103:19:103:34"
"$('#modal-test')","file:///opt/src/js/tests/unit/modal.js:104:25:104:40"
"$(this)","file:///opt/src/js/tests/unit/modal.js:105:9:105:15"
"$('#modal-test')","file:///opt/src/js/tests/unit/modal.js:108:20:108:35"
"$('<div ... /div>')","file:///opt/src/js/tests/unit/modal.js:118:5:118:78"
"$('#modal-test')","file:///opt/src/js/tests/unit/modal.js:120:19:120:34"
"$('#modal-test')","file:///opt/src/js/tests/unit/modal.js:121:25:121:40"
"$(this)","file:///opt/src/js/tests/unit/modal.js:122:9:122:15"
"$('#modal-test')","file:///opt/src/js/tests/unit/modal.js:125:20:125:35"
"$('<div ... se""/>')","file:///opt/src/js/tests/unit/modal.js:135:5:135:53"
"$('#modal-test')","file:///opt/src/js/tests/unit/modal.js:137:19:137:34"
"$(this)","file:///opt/src/js/tests/unit/modal.js:138:9:138:15"
"$('#modal-test')","file:///opt/src/js/tests/unit/modal.js:141:20:141:35"
"$('<div ... /div>')","file:///opt/src/js/tests/unit/modal.js:151:5:151:59"
"$('#modal-test')","file:///opt/src/js/tests/unit/modal.js:153:25:153:40"
"$('.contents')","file:///opt/src/js/tests/unit/modal.js:154:9:154:22"
"$('#modal-test')","file:///opt/src/js/tests/unit/modal.js:155:19:155:34"
"$('#modal-test')","file:///opt/src/js/tests/unit/modal.js:156:9:156:24"
"$('#modal-test')","file:///opt/src/js/tests/unit/modal.js:159:20:159:35"
"$('<div ... st""/>')","file:///opt/src/js/tests/unit/modal.js:169:16:169:42"
"$('#modal-test')","file:///opt/src/js/tests/unit/modal.js:172:19:172:34"
"$('#modal-test')","file:///opt/src/js/tests/unit/modal.js:173:19:173:34"
"$('#modal-test')","file:///opt/src/js/tests/unit/modal.js:177:22:177:37"
"$('<div ... st""/>')","file:///opt/src/js/tests/unit/modal.js:189:16:189:42"
"$('#modal-test')","file:///opt/src/js/tests/unit/modal.js:192:19:192:34"
"$('#modal-test')","file:///opt/src/js/tests/unit/modal.js:193:19:193:34"
"$('<div ... /div>')","file:///opt/src/js/tests/unit/modal.js:211:5:211:59"
"$('#modal-test')","file:///opt/src/js/tests/unit/modal.js:214:9:214:24"
"$('<div ... /div>')","file:///opt/src/js/tests/unit/modal.js:228:5:228:102"
"$('#close')","file:///opt/src/js/tests/unit/modal.js:230:9:230:19"
"$('#modal-test')","file:///opt/src/js/tests/unit/modal.js:234:20:234:35"
"$(this)","file:///opt/src/js/tests/unit/modal.js:235:9:235:15"
"$('#close')","file:///opt/src/js/tests/unit/modal.js:237:13:237:23"
"$('#modal-test')","file:///opt/src/js/tests/unit/modal.js:240:24:240:39"
"$('<but ... st""/>')","file:///opt/src/js/tests/unit/modal.js:252:22:252:81"
"$('<div ... /div>')","file:///opt/src/js/tests/unit/modal.js:254:5:254:102"
"$(docum ... lement)","file:///opt/src/js/tests/unit/modal.js:257:21:257:45"
"$('#close')","file:///opt/src/js/tests/unit/modal.js:262:9:262:19"
"$('<but ... st""/>')","file:///opt/src/js/tests/unit/modal.js:272:22:272:81"
"$('<but ... tn""/>')","file:///opt/src/js/tests/unit/modal.js:273:21:273:49"
"$('<div ... /div>')","file:///opt/src/js/tests/unit/modal.js:275:5:275:96"
"$(this)","file:///opt/src/js/tests/unit/modal.js:280:11:280:17"
"$(docum ... lement)","file:///opt/src/js/tests/unit/modal.js:285:21:285:45"
"$('#close')","file:///opt/src/js/tests/unit/modal.js:290:9:290:19"
"$(document.body)","file:///opt/src/js/tests/unit/modal.js:301:17:301:32"
"$('<div ... st""/>')","file:///opt/src/js/tests/unit/modal.js:305:5:305:31"
"$(this)","file:///opt/src/js/tests/unit/modal.js:314:9:314:15"
"$(document.body)","file:///opt/src/js/tests/unit/modal.js:322:17:322:32"
"$('<sty ... tyle>')","file:///opt/src/js/tests/unit/modal.js:323:18:323:66"
"$('<div ... st""/>')","file:///opt/src/js/tests/unit/modal.js:325:5:325:31"
"$(this)","file:///opt/src/js/tests/unit/modal.js:332:9:332:15"
"$(document.body)","file:///opt/src/js/tests/unit/modal.js:340:17:340:32"
"$('<sty ... tyle>')","file:///opt/src/js/tests/unit/modal.js:341:18:341:66"
"$('<div ... st""/>')","file:///opt/src/js/tests/unit/modal.js:345:5:345:31"
"$(this)","file:///opt/src/js/tests/unit/modal.js:354:9:354:15"
"$(document.body)","file:///opt/src/js/tests/unit/modal.js:362:17:362:32"
"$('<div ... st""/>')","file:///opt/src/js/tests/unit/modal.js:366:5:366:31"
"$(this)","file:///opt/src/js/tests/unit/modal.js:373:9:373:15"
"$(funct ...  })\n\n})","file:///opt/src/js/tests/unit/popover.js:1:1:290:2"
"$(document.body)","file:///opt/src/js/tests/unit/popover.js:8:15:8:30"
"$('<div/>')","file:///opt/src/js/tests/unit/popover.js:29:15:29:25"
"$('<a h ... o</a>')","file:///opt/src/js/tests/unit/popover.js:37:20:37:95"
"$('.popover')","file:///opt/src/js/tests/unit/popover.js:41:21:41:33"
"$('.popover')","file:///opt/src/js/tests/unit/popover.js:43:24:43:36"
"$('<a h ... o</a>')","file:///opt/src/js/tests/unit/popover.js:48:20:48:95"
"$('<a h ... k</a>')","file:///opt/src/js/tests/unit/popover.js:55:20:55:74"
"$('.popover')","file:///opt/src/js/tests/unit/popover.js:61:15:61:27"
"$('<a h ... t</a>')","file:///opt/src/js/tests/unit/popover.js:66:20:66:44"
"$('.popover')","file:///opt/src/js/tests/unit/popover.js:79:21:79:33"
"$('.pop ... title')","file:///opt/src/js/tests/unit/popover.js:80:24:80:51"
"$('.pop ... ntent')","file:///opt/src/js/tests/unit/popover.js:81:24:81:53"
"$('.popover')","file:///opt/src/js/tests/unit/popover.js:84:24:84:36"
"$('<div/>')","file:///opt/src/js/tests/unit/popover.js:89:16:89:26"
"$('<a h ... t</a>')","file:///opt/src/js/tests/unit/popover.js:91:20:91:44"
"$('.popover')","file:///opt/src/js/tests/unit/popover.js:100:21:100:33"
"$('.pop ... ntent')","file:///opt/src/js/tests/unit/popover.js:101:18:101:47"
"$('.popover')","file:///opt/src/js/tests/unit/popover.js:104:24:104:36"
"$('.popover')","file:///opt/src/js/tests/unit/popover.js:107:21:107:33"
"$('.pop ... ntent')","file:///opt/src/js/tests/unit/popover.js:108:18:108:47"
"$('.popover')","file:///opt/src/js/tests/unit/popover.js:111:24:111:36"
"$('<a h ... o</a>')","file:///opt/src/js/tests/unit/popover.js:116:20:116:112"
"$('.popover')","file:///opt/src/js/tests/unit/popover.js:121:21:121:33"
"$('.pop ... title')","file:///opt/src/js/tests/unit/popover.js:122:24:122:51"
"$('.pop ... ntent')","file:///opt/src/js/tests/unit/popover.js:123:24:123:53"
"$('.popover')","file:///opt/src/js/tests/unit/popover.js:126:24:126:36"
"$('<a h ... o</a>')","file:///opt/src/js/tests/unit/popover.js:132:20:132:112"
"$('.popover')","file:///opt/src/js/tests/unit/popover.js:140:21:140:33"
"$('.pop ... title')","file:///opt/src/js/tests/unit/popover.js:141:24:141:51"
"$('.pop ... ntent')","file:///opt/src/js/tests/unit/popover.js:142:24:142:53"
"$('.popover')","file:///opt/src/js/tests/unit/popover.js:145:24:145:36"
"$('<a h ... t</a>')","file:///opt/src/js/tests/unit/popover.js:150:20:150:44"
"$('.popover')","file:///opt/src/js/tests/unit/popover.js:160:21:160:33"
"$('.popover')","file:///opt/src/js/tests/unit/popover.js:161:15:161:27"
"$('.popover')","file:///opt/src/js/tests/unit/popover.js:164:24:164:36"
"$('<div/>')","file:///opt/src/js/tests/unit/popover.js:169:20:169:30"
"$('<div ... /div>')","file:///opt/src/js/tests/unit/popover.js:190:16:190:102"
"$('.popover')","file:///opt/src/js/tests/unit/popover.js:198:21:198:33"
"$('.popover')","file:///opt/src/js/tests/unit/popover.js:201:24:201:36"
"$('<div ... /div>')","file:///opt/src/js/tests/unit/popover.js:206:20:206:120"
"$('.con ...  .btn')","file:///opt/src/js/tests/unit/popover.js:209:5:209:35"
"$('<div ... /div>')","file:///opt/src/js/tests/unit/popover.js:213:16:213:59"
"$('.con ...  .btn')","file:///opt/src/js/tests/unit/popover.js:231:17:231:47"
"$(document)","file:///opt/src/js/tests/unit/popover.js:246:7:246:17"
"$('<spa ... span>')","file:///opt/src/js/tests/unit/popover.js:253:20:253:120"
"$('<spa ... span>')","file:///opt/src/js/tests/unit/popover.js:265:7:265:107"
"$('<a h ... S</a>')","file:///opt/src/js/tests/unit/popover.js:276:5:276:34"
"$('.popover')","file:///opt/src/js/tests/unit/popover.js:279:25:279:37"
"$(funct ...  })\n\n})","file:///opt/src/js/tests/unit/scrollspy.js:1:1:278:2"
"$(document.body)","file:///opt/src/js/tests/unit/scrollspy.js:8:15:8:30"
"$('<div/>')","file:///opt/src/js/tests/unit/scrollspy.js:29:15:29:25"
"$(sectionHTML)","file:///opt/src/js/tests/unit/scrollspy.js:65:20:65:33"
"$(sectionHTML)","file:///opt/src/js/tests/unit/scrollspy.js:97:20:97:33"
"$(navbarHtml)","file:///opt/src/js/tests/unit/scrollspy.js:129:5:129:17"
"$(contentHtml)","file:///opt/src/js/tests/unit/scrollspy.js:130:20:130:33"
"$(target)","file:///opt/src/js/tests/unit/scrollspy.js:137:59:137:67"
"$(element)","file:///opt/src/js/tests/unit/scrollspy.js:139:19:139:28"
"$(navbarHtml)","file:///opt/src/js/tests/unit/scrollspy.js:171:5:171:17"
"$(contentHtml)","file:///opt/src/js/tests/unit/scrollspy.js:173:20:173:33"
"$('#li-1')","file:///opt/src/js/tests/unit/scrollspy.js:181:19:181:28"
"$('#li-2')","file:///opt/src/js/tests/unit/scrollspy.js:182:19:182:28"
"$(sectionHTML)","file:///opt/src/js/tests/unit/scrollspy.js:202:5:202:18"
"$(scrollspyHTML)","file:///opt/src/js/tests/unit/scrollspy.js:211:22:211:37"
"$('.active')","file:///opt/src/js/tests/unit/scrollspy.js:219:28:219:39"
"$('.active')","file:///opt/src/js/tests/unit/scrollspy.js:220:28:220:39"
"$('.active')","file:///opt/src/js/tests/unit/scrollspy.js:224:32:224:43"
"$(navbarHtml)","file:///opt/src/js/tests/unit/scrollspy.js:253:5:253:17"
"$(contentHtml)","file:///opt/src/js/tests/unit/scrollspy.js:254:20:254:33"
"$(target)","file:///opt/src/js/tests/unit/scrollspy.js:260:59:260:67"
"$(element)","file:///opt/src/js/tests/unit/scrollspy.js:262:19:262:28"
"$(funct ...  })\n\n})","file:///opt/src/js/tests/unit/tab.js:1:1:216:2"
"$(document.body)","file:///opt/src/js/tests/unit/tab.js:8:15:8:30"
"$('<div/>')","file:///opt/src/js/tests/unit/tab.js:29:15:29:25"
"$('<ul> ... </ul>')","file:///opt/src/js/tests/unit/tab.js:42:5:42:51"
"$(tabsHTML)","file:///opt/src/js/tests/unit/tab.js:44:5:44:15"
"$('#qunit-fixture')","file:///opt/src/js/tests/unit/tab.js:45:24:45:42"
"$(tabsHTML)","file:///opt/src/js/tests/unit/tab.js:47:5:47:15"
"$('#qunit-fixture')","file:///opt/src/js/tests/unit/tab.js:48:24:48:42"
"$('<ul> ... </ul>')","file:///opt/src/js/tests/unit/tab.js:58:5:58:51"
"$(pillsHTML)","file:///opt/src/js/tests/unit/tab.js:60:5:60:16"
"$('#qunit-fixture')","file:///opt/src/js/tests/unit/tab.js:61:24:61:42"
"$(pillsHTML)","file:///opt/src/js/tests/unit/tab.js:63:5:63:16"
"$('#qunit-fixture')","file:///opt/src/js/tests/unit/tab.js:64:24:64:42"
"$('<div ... ab""/>')","file:///opt/src/js/tests/unit/tab.js:71:5:71:27"
"$(dropHTML)","file:///opt/src/js/tests/unit/tab.js:96:5:96:15"
"$(tabsHTML)","file:///opt/src/js/tests/unit/tab.js:120:5:120:15"
"$(tabsHTML)","file:///opt/src/js/tests/unit/tab.js:130:5:130:15"
"$(tabsHTML)","file:///opt/src/js/tests/unit/tab.js:151:5:151:15"
"$(tabsHTML)","file:///opt/src/js/tests/unit/tab.js:176:5:176:15"
"$(tabsHTML)","file:///opt/src/js/tests/unit/tab.js:197:17:197:27"
"$(funct ...  })\n\n})","file:///opt/src/js/tests/unit/tooltip.js:1:1:1325:2"
"$(document.body)","file:///opt/src/js/tests/unit/tooltip.js:8:15:8:30"
"$('<div/>')","file:///opt/src/js/tests/unit/tooltip.js:29:15:29:25"
"$('<a h ... ip""/>')","file:///opt/src/js/tests/unit/tooltip.js:42:20:42:75"
"$('<a h ... ip""/>')","file:///opt/src/js/tests/unit/tooltip.js:48:20:48:75"
"$('<a h ... ip""/>')","file:///opt/src/js/tests/unit/tooltip.js:54:20:54:75"
"$('.tooltip')","file:///opt/src/js/tests/unit/tooltip.js:59:14:59:26"
"$('#' + id)","file:///opt/src/js/tests/unit/tooltip.js:61:24:61:34"
"$('.tooltip')","file:///opt/src/js/tests/unit/tooltip.js:62:24:62:36"
"$('<a h ... ip""/>')","file:///opt/src/js/tests/unit/tooltip.js:68:20:68:75"
"$('<a h ... ip""/>')","file:///opt/src/js/tests/unit/tooltip.js:81:5:81:60"
"$('.tooltip')","file:///opt/src/js/tests/unit/tooltip.js:85:14:85:26"
"$('#' + id)","file:///opt/src/js/tests/unit/tooltip.js:87:24:87:34"
"$('<a h ... ip""/>')","file:///opt/src/js/tests/unit/tooltip.js:93:20:93:75"
"$('.tooltip')","file:///opt/src/js/tests/unit/tooltip.js:98:15:98:27"
"$('.tooltip')","file:///opt/src/js/tests/unit/tooltip.js:101:24:101:36"
"$('<a h ... t;""/>')","file:///opt/src/js/tests/unit/tooltip.js:106:20:106:83"
"$('.tooltip b')","file:///opt/src/js/tests/unit/tooltip.js:111:21:111:35"
"$('.tooltip')","file:///opt/src/js/tests/unit/tooltip.js:114:24:114:36"
"$('<a h ... ip""/>')","file:///opt/src/js/tests/unit/tooltip.js:119:20:119:75"
"$('.tooltip')","file:///opt/src/js/tests/unit/tooltip.js:124:15:124:27"
"$('.tooltip')","file:///opt/src/js/tests/unit/tooltip.js:127:24:127:36"
"$('<div ... le""/>')","file:///opt/src/js/tests/unit/tooltip.js:134:5:134:37"
"$('<div ... le""/>')","file:///opt/src/js/tests/unit/tooltip.js:146:5:146:37"
"$('.tooltip')","file:///opt/src/js/tests/unit/tooltip.js:149:25:149:37"
"$('<div ... /div>')","file:///opt/src/js/tests/unit/tooltip.js:160:5:160:42"
"$('<div ... le""/>')","file:///opt/src/js/tests/unit/tooltip.js:173:5:173:37"
"$('<div ... le""/>')","file:///opt/src/js/tests/unit/tooltip.js:189:5:189:37"
"$(this)","file:///opt/src/js/tests/unit/tooltip.js:192:9:192:15"
"$('<div ... le""/>')","file:///opt/src/js/tests/unit/tooltip.js:205:5:205:37"
"$(this)","file:///opt/src/js/tests/unit/tooltip.js:208:9:208:15"
"$('<div ... le""/>')","file:///opt/src/js/tests/unit/tooltip.js:221:5:221:37"
"$(this)","file:///opt/src/js/tests/unit/tooltip.js:224:9:224:15"
"$('<div/>')","file:///opt/src/js/tests/unit/tooltip.js:239:20:239:30"
"$('<div ... /div>')","file:///opt/src/js/tests/unit/tooltip.js:258:16:258:82"
"$('.tooltip')","file:///opt/src/js/tests/unit/tooltip.js:266:15:266:27"
"$('.tooltip')","file:///opt/src/js/tests/unit/tooltip.js:269:24:269:36"
"$('<a h ... le""/>')","file:///opt/src/js/tests/unit/tooltip.js:274:5:274:62"
"$('.tooltip')","file:///opt/src/js/tests/unit/tooltip.js:279:15:279:27"
"$('<a h ... k</a>')","file:///opt/src/js/tests/unit/tooltip.js:284:5:284:78"
"$('.tooltip')","file:///opt/src/js/tests/unit/tooltip.js:289:5:289:17"
"$('.tooltip')","file:///opt/src/js/tests/unit/tooltip.js:290:15:290:27"
"$('<a h ... ip""/>')","file:///opt/src/js/tests/unit/tooltip.js:295:20:295:75"
"$('body > .tooltip')","file:///opt/src/js/tests/unit/tooltip.js:300:21:300:40"
"$('#qun ... oltip')","file:///opt/src/js/tests/unit/tooltip.js:301:24:301:53"
"$('body > .tooltip')","file:///opt/src/js/tests/unit/tooltip.js:304:24:304:43"
"$(styles)","file:///opt/src/js/tests/unit/tooltip.js:313:19:313:27"
"$('<div/>')","file:///opt/src/js/tests/unit/tooltip.js:315:22:315:32"
"$('<a h ... ne""/>')","file:///opt/src/js/tests/unit/tooltip.js:316:19:316:123"
"$('<a h ... ip""/>')","file:///opt/src/js/tests/unit/tooltip.js:338:20:338:74"
"$('.tooltip')","file:///opt/src/js/tests/unit/tooltip.js:343:24:343:36"
"$('.tooltip')","file:///opt/src/js/tests/unit/tooltip.js:346:24:346:36"
"$('<a h ... ip""/>')","file:///opt/src/js/tests/unit/tooltip.js:351:20:351:74"
"$('.tooltip')","file:///opt/src/js/tests/unit/tooltip.js:358:24:358:36"
"$('.tooltip')","file:///opt/src/js/tests/unit/tooltip.js:361:24:361:36"
"$('<a h ... ip""/>')","file:///opt/src/js/tests/unit/tooltip.js:366:20:366:51"
"$('.tooltip')","file:///opt/src/js/tests/unit/tooltip.js:373:24:373:36"
"$('.tooltip')","file:///opt/src/js/tests/unit/tooltip.js:376:24:376:36"
"$('<sty ... tyle>')","file:///opt/src/js/tests/unit/tooltip.js:381:18:381:128"
"$('<div/>')","file:///opt/src/js/tests/unit/tooltip.js:382:22:382:32"
"$('<div ... /div>')","file:///opt/src/js/tests/unit/tooltip.js:389:23:389:116"
"$('.tooltip')","file:///opt/src/js/tests/unit/tooltip.js:394:15:394:27"
"$('.tooltip')","file:///opt/src/js/tests/unit/tooltip.js:397:24:397:36"
"$('<div ... /div>')","file:///opt/src/js/tests/unit/tooltip.js:399:25:399:115"
"$('.tooltip')","file:///opt/src/js/tests/unit/tooltip.js:404:15:404:27"
"$('.tooltip')","file:///opt/src/js/tests/unit/tooltip.js:407:24:407:36"
"$('<div ... /div>')","file:///opt/src/js/tests/unit/tooltip.js:409:24:409:111"
"$('.tooltip')","file:///opt/src/js/tests/unit/tooltip.js:414:15:414:27"
"$('.tooltip')","file:///opt/src/js/tests/unit/tooltip.js:417:24:417:36"
"$(styles)","file:///opt/src/js/tests/unit/tooltip.js:430:19:430:27"
"$('<div ... on""/>')","file:///opt/src/js/tests/unit/tooltip.js:432:22:432:45"
"$('<div ... ip""/>')","file:///opt/src/js/tests/unit/tooltip.js:433:19:433:55"
"$('.tooltip')","file:///opt/src/js/tests/unit/tooltip.js:441:15:441:27"
"$('.tooltip')","file:///opt/src/js/tests/unit/tooltip.js:444:24:444:36"
"$(styles)","file:///opt/src/js/tests/unit/tooltip.js:455:19:455:27"
"$('<div ... on""/>')","file:///opt/src/js/tests/unit/tooltip.js:457:22:457:45"
"$('<div ... ip""/>')","file:///opt/src/js/tests/unit/tooltip.js:458:19:458:55"
"$('.tooltip')","file:///opt/src/js/tests/unit/tooltip.js:466:15:466:27"
"$('.tooltip')","file:///opt/src/js/tests/unit/tooltip.js:469:24:469:36"
"$(styles)","file:///opt/src/js/tests/unit/tooltip.js:481:19:481:27"
"$('<div ... on""/>')","file:///opt/src/js/tests/unit/tooltip.js:483:22:483:45"
"$('<div ... ip""/>')","file:///opt/src/js/tests/unit/tooltip.js:484:19:484:55"
"$('.tooltip')","file:///opt/src/js/tests/unit/tooltip.js:492:15:492:27"
"$('.tooltip')","file:///opt/src/js/tests/unit/tooltip.js:495:24:495:36"
"$(styles)","file:///opt/src/js/tests/unit/tooltip.js:506:19:506:27"
"$('<div ... iv""/>')","file:///opt/src/js/tests/unit/tooltip.js:508:22:508:52"
"$('<div ... /div>')","file:///opt/src/js/tests/unit/tooltip.js:509:19:509:93"
"$('#scrollable-div')","file:///opt/src/js/tests/unit/tooltip.js:516:5:516:24"
"$('.tooltip')","file:///opt/src/js/tests/unit/tooltip.js:519:15:519:27"
"$('.tooltip')","file:///opt/src/js/tests/unit/tooltip.js:522:24:522:36"
"$(styles)","file:///opt/src/js/tests/unit/tooltip.js:533:19:533:27"
"$('<div ... iv""/>')","file:///opt/src/js/tests/unit/tooltip.js:535:22:535:52"
"$('<div ... /div>')","file:///opt/src/js/tests/unit/tooltip.js:536:19:536:93"
"$('#scrollable-div')","file:///opt/src/js/tests/unit/tooltip.js:543:5:543:24"
"$('.tooltip')","file:///opt/src/js/tests/unit/tooltip.js:546:15:546:27"
"$('.tooltip')","file:///opt/src/js/tests/unit/tooltip.js:549:24:549:36"
"$(styles)","file:///opt/src/js/tests/unit/tooltip.js:562:19:562:27"
"$('<div ... iv""/>')","file:///opt/src/js/tests/unit/tooltip.js:564:22:564:52"
"$('<div ... /div>')","file:///opt/src/js/tests/unit/tooltip.js:565:19:565:93"
"$('#scrollable-div')","file:///opt/src/js/tests/unit/tooltip.js:574:5:574:24"
"$('.tooltip')","file:///opt/src/js/tests/unit/tooltip.js:577:15:577:27"
"$('.tooltip')","file:///opt/src/js/tests/unit/tooltip.js:580:24:580:36"
"$(styles)","file:///opt/src/js/tests/unit/tooltip.js:591:19:591:27"
"$('<div ... iv""/>')","file:///opt/src/js/tests/unit/tooltip.js:593:22:593:52"
"$('<div ... /div>')","file:///opt/src/js/tests/unit/tooltip.js:594:19:594:93"
"$('#scrollable-div')","file:///opt/src/js/tests/unit/tooltip.js:601:5:601:24"
"$('.tooltip')","file:///opt/src/js/tests/unit/tooltip.js:604:15:604:27"
"$('.tooltip')","file:///opt/src/js/tests/unit/tooltip.js:607:24:607:36"
"$(styles)","file:///opt/src/js/tests/unit/tooltip.js:618:19:618:27"
"$('<div/>')","file:///opt/src/js/tests/unit/tooltip.js:620:22:620:32"
"$('<a h ... x;""/>')","file:///opt/src/js/tests/unit/tooltip.js:621:19:621:91"
"$('.tooltip')","file:///opt/src/js/tests/unit/tooltip.js:635:24:635:36"
"$(styles)","file:///opt/src/js/tests/unit/tooltip.js:646:19:646:27"
"$('<div/>')","file:///opt/src/js/tests/unit/tooltip.js:648:22:648:32"
"$('<a h ... x;""/>')","file:///opt/src/js/tests/unit/tooltip.js:649:19:649:94"
"$(window)","file:///opt/src/js/tests/unit/tooltip.js:661:70:661:78"
"$('.tooltip')","file:///opt/src/js/tests/unit/tooltip.js:664:24:664:36"
"$(styles)","file:///opt/src/js/tests/unit/tooltip.js:676:19:676:27"
"$('<div/>')","file:///opt/src/js/tests/unit/tooltip.js:678:22:678:32"
"$('<a h ... x;""/>')","file:///opt/src/js/tests/unit/tooltip.js:679:19:679:91"
"$('.tooltip')","file:///opt/src/js/tests/unit/tooltip.js:693:24:693:36"
"$(styles)","file:///opt/src/js/tests/unit/tooltip.js:705:19:705:27"
"$('<div/>')","file:///opt/src/js/tests/unit/tooltip.js:707:22:707:32"
"$('<a h ... x;""/>')","file:///opt/src/js/tests/unit/tooltip.js:708:19:708:92"
"$(window)","file:///opt/src/js/tests/unit/tooltip.js:720:71:720:79"
"$('.tooltip')","file:///opt/src/js/tests/unit/tooltip.js:723:24:723:36"
"$(styles)","file:///opt/src/js/tests/unit/tooltip.js:736:19:736:27"
"$('<div ... rt""/>')","file:///opt/src/js/tests/unit/tooltip.js:738:22:738:59"
"$('<a h ... x;""/>')","file:///opt/src/js/tests/unit/tooltip.js:739:19:739:94"
"$('.tooltip')","file:///opt/src/js/tests/unit/tooltip.js:751:24:751:36"
"$(styles)","file:///opt/src/js/tests/unit/tooltip.js:764:19:764:27"
"$('<div ... rt""/>')","file:///opt/src/js/tests/unit/tooltip.js:766:22:766:59"
"$('<a h ... x;""/>')","file:///opt/src/js/tests/unit/tooltip.js:767:19:767:94"
"$('.tooltip')","file:///opt/src/js/tests/unit/tooltip.js:782:24:782:36"
"$(styles)","file:///opt/src/js/tests/unit/tooltip.js:796:19:796:27"
"$('<div ... rt""/>')","file:///opt/src/js/tests/unit/tooltip.js:798:22:798:59"
"$('<a h ... r</a>')","file:///opt/src/js/tests/unit/tooltip.js:799:19:799:71"
"$('.tooltip')","file:///opt/src/js/tests/unit/tooltip.js:810:24:810:36"
"$('<a h ... ip""/>')","file:///opt/src/js/tests/unit/tooltip.js:819:20:819:75"
"$(this)","file:///opt/src/js/tests/unit/tooltip.js:822:9:822:15"
"$(containerHTML)","file:///opt/src/js/tests/unit/tooltip.js:846:22:846:37"
"$('<div/>')","file:///opt/src/js/tests/unit/tooltip.js:878:22:878:32"
"$('<a h ... e</a>')","file:///opt/src/js/tests/unit/tooltip.js:888:5:888:94"
"$('.tooltip')","file:///opt/src/js/tests/unit/tooltip.js:901:17:901:29"
"$('<a h ... ip""/>')","file:///opt/src/js/tests/unit/tooltip.js:910:20:910:75"
"$('.tooltip')","file:///opt/src/js/tests/unit/tooltip.js:915:18:915:30"
"$('.tooltip')","file:///opt/src/js/tests/unit/tooltip.js:919:17:919:29"
"$('<a h ... ip""/>')","file:///opt/src/js/tests/unit/tooltip.js:930:20:930:75"
"$('.tooltip')","file:///opt/src/js/tests/unit/tooltip.js:935:18:935:30"
"$('.tooltip')","file:///opt/src/js/tests/unit/tooltip.js:940:18:940:30"
"$('<a h ... ip""/>')","file:///opt/src/js/tests/unit/tooltip.js:951:20:951:75"
"$('.tooltip')","file:///opt/src/js/tests/unit/tooltip.js:956:17:956:29"
"$('.tooltip')","file:///opt/src/js/tests/unit/tooltip.js:960:19:960:31"
"$('.tooltip')","file:///opt/src/js/tests/unit/tooltip.js:965:19:965:31"
"$('<a h ... ip""/>')","file:///opt/src/js/tests/unit/tooltip.js:977:20:977:75"
"$('.tooltip')","file:///opt/src/js/tests/unit/tooltip.js:982:18:982:30"
"$('.tooltip')","file:///opt/src/js/tests/unit/tooltip.js:987:18:987:30"
"$('<a h ... ip""/>')","file:///opt/src/js/tests/unit/tooltip.js:998:20:998:75"
"$('.tooltip')","file:///opt/src/js/tests/unit/tooltip.js:1003:18:1003:30"
"$('.tooltip')","file:///opt/src/js/tests/unit/tooltip.js:1008:18:1008:30"
"$('<a h ... ip""/>')","file:///opt/src/js/tests/unit/tooltip.js:1019:20:1019:75"
"$(styles)","file:///opt/src/js/tests/unit/tooltip.js:1057:19:1057:27"
"$('#qunit-fixture')","file:///opt/src/js/tests/unit/tooltip.js:1059:5:1059:23"
"$('#theCircle')","file:///opt/src/js/tests/unit/tooltip.js:1065:19:1065:33"
"$('.tooltip')","file:///opt/src/js/tests/unit/tooltip.js:1069:22:1069:34"
"$('.tooltip')","file:///opt/src/js/tests/unit/tooltip.js:1073:28:1073:40"
"$(styles)","file:///opt/src/js/tests/unit/tooltip.js:1095:19:1095:27"
"$('#qunit-fixture')","file:///opt/src/js/tests/unit/tooltip.js:1097:5:1097:23"
"$('#tt-trigger')","file:///opt/src/js/tests/unit/tooltip.js:1098:20:1098:35"
"$('.tooltip-inner')","file:///opt/src/js/tests/unit/tooltip.js:1102:20:1102:38"
"$(this)","file:///opt/src/js/tests/unit/tooltip.js:1110:9:1110:15"
"$('.tooltip')","file:///opt/src/js/tests/unit/tooltip.js:1111:28:1111:40"
"$('<spa ... span>')","file:///opt/src/js/tests/unit/tooltip.js:1130:20:1130:116"
"$('#tt-outer')","file:///opt/src/js/tests/unit/tooltip.js:1142:5:1142:18"
"$('#tt-content')","file:///opt/src/js/tests/unit/tooltip.js:1144:22:1144:37"
"$('#tt-content')","file:///opt/src/js/tests/unit/tooltip.js:1146:5:1146:20"
"$('#tt-content')","file:///opt/src/js/tests/unit/tooltip.js:1147:36:1147:51"
"$('<spa ... span>')","file:///opt/src/js/tests/unit/tooltip.js:1157:20:1157:116"
"$('#tt-outer')","file:///opt/src/js/tests/unit/tooltip.js:1171:5:1171:18"
"$('#tt-content')","file:///opt/src/js/tests/unit/tooltip.js:1173:22:1173:37"
"$('#tt-outer')","file:///opt/src/js/tests/unit/tooltip.js:1175:5:1175:18"
"$('#tt-content')","file:///opt/src/js/tests/unit/tooltip.js:1176:36:1176:51"
"$('#tt-content')","file:///opt/src/js/tests/unit/tooltip.js:1180:5:1180:20"
"$('#tt-content')","file:///opt/src/js/tests/unit/tooltip.js:1183:36:1183:51"
"$(styles)","file:///opt/src/js/tests/unit/tooltip.js:1196:19:1196:27"
"$('<a h ... r</a>')","file:///opt/src/js/tests/unit/tooltip.js:1198:5:1198:102"
"$(this)","file:///opt/src/js/tests/unit/tooltip.js:1201:27:1201:33"
"$(this)","file:///opt/src/js/tests/unit/tooltip.js:1203:9:1203:15"
"$(this)","file:///opt/src/js/tests/unit/tooltip.js:1207:9:1207:15"
"$('.tooltip')","file:///opt/src/js/tests/unit/tooltip.js:1208:28:1208:40"
"$(styles)","file:///opt/src/js/tests/unit/tooltip.js:1236:19:1236:27"
"$('<div ... ""1""/>')","file:///opt/src/js/tests/unit/tooltip.js:1238:20:1238:52"
"$('.tooltip')","file:///opt/src/js/tests/unit/tooltip.js:1242:22:1242:34"
"$(document)","file:///opt/src/js/tests/unit/tooltip.js:1261:7:1261:17"
"$('<spa ... span>')","file:///opt/src/js/tests/unit/tooltip.js:1268:20:1268:85"
"$('<a h ... ></a>')","file:///opt/src/js/tests/unit/tooltip.js:1280:7:1280:73"
"$('<but ... tton>')","file:///opt/src/js/tests/unit/tooltip.js:1289:15:1289:43"
"$(funct ...   })\n})","file:///opt/src/js/tests/visual/affix-with-sticky-footer.html:290:1:314:2"
"$('.js- ... t-top')","file:///opt/src/js/tests/visual/affix-with-sticky-footer.html:291:3:291:30"
"$('.js-page-header')","file:///opt/src/js/tests/visual/affix-with-sticky-footer.html:293:12:293:31"
"$('.js-footer')","file:///opt/src/js/tests/visual/affix-with-sticky-footer.html:294:15:294:29"
"$(e.target)","file:///opt/src/js/tests/visual/affix-with-sticky-footer.html:299:5:299:15"
"$('.js- ... ottom')","file:///opt/src/js/tests/visual/affix-with-sticky-footer.html:302:3:302:33"
"$('.js-footer')","file:///opt/src/js/tests/visual/affix-with-sticky-footer.html:304:15:304:29"
"$('.js-grow-btn')","file:///opt/src/js/tests/visual/affix-with-sticky-footer.html:308:3:308:19"
"$('.js-content')","file:///opt/src/js/tests/visual/affix-with-sticky-footer.html:309:5:309:20"
"$('.js-shrink-btn')","file:///opt/src/js/tests/visual/affix-with-sticky-footer.html:311:3:311:21"
"$('.js-content p')","file:///opt/src/js/tests/visual/affix-with-sticky-footer.html:312:5:312:22"
"$(funct ...   })\n})","file:///opt/src/js/tests/visual/affix.html:279:1:303:2"
"$('.js- ... t-top')","file:///opt/src/js/tests/visual/affix.html:280:3:280:30"
"$('.js-page-header')","file:///opt/src/js/tests/visual/affix.html:282:12:282:31"
"$('.js-footer')","file:///opt/src/js/tests/visual/affix.html:283:15:283:29"
"$(e.target)","file:///opt/src/js/tests/visual/affix.html:288:5:288:15"
"$('.js- ... ottom')","file:///opt/src/js/tests/visual/affix.html:291:3:291:33"
"$('.js-footer')","file:///opt/src/js/tests/visual/affix.html:293:15:293:29"
"$('.js-grow-btn')","file:///opt/src/js/tests/visual/affix.html:297:3:297:19"
"$('.js-content')","file:///opt/src/js/tests/visual/affix.html:298:5:298:20"
"$('.js-shrink-btn')","file:///opt/src/js/tests/visual/affix.html:300:3:300:21"
"$('.js-content p')","file:///opt/src/js/tests/visual/affix.html:301:5:301:22"
"$(funct ...   })\n})","file:///opt/src/js/tests/visual/button.html:69:1:76:2"
"$('.js- ... utton')","file:///opt/src/js/tests/visual/button.html:70:3:70:25"
"$(this)","file:///opt/src/js/tests/visual/button.html:71:15:71:21"
"$('#ff- ... esult')","file:///opt/src/js/tests/visual/modal.html:180:5:180:28"
"$(funct ...   })\n})","file:///opt/src/js/tests/visual/modal.html:187:1:201:2"
"$('.js-popover')","file:///opt/src/js/tests/visual/modal.html:188:3:188:18"
"$('.js-tooltip')","file:///opt/src/js/tests/visual/modal.html:189:3:189:18"
"$('#tall-toggle')","file:///opt/src/js/tests/visual/modal.html:190:3:190:19"
"$('#tall')","file:///opt/src/js/tests/visual/modal.html:191:5:191:14"
"$('#ff-bug-input')","file:///opt/src/js/tests/visual/modal.html:193:3:193:20"
"$('#myModal2')","file:///opt/src/js/tests/visual/modal.html:194:5:194:18"
"$('#ff-bug-input')","file:///opt/src/js/tests/visual/modal.html:197:5:197:22"
"$(funct ... er()\n})","file:///opt/src/js/tests/visual/popover.html:48:1:50:2"
"$('.js-popover')","file:///opt/src/js/tests/visual/popover.html:49:3:49:18"
"$(funct ... ip()\n})","file:///opt/src/js/tests/visual/tooltip.html:44:1:46:2"
"$('[dat ... tip""]')","file:///opt/src/js/tests/visual/tooltip.html:45:3:45:30"
"$(element)","file:///opt/src/js/tooltip.js:52:22:52:31"
"$($.isF ... wport))","file:///opt/src/js/tooltip.js:54:47:54:194"
"$(obj.currentTarget)","file:///opt/src/js/tooltip.js:112:13:112:32"
"$(obj.currentTarget)","file:///opt/src/js/tooltip.js:116:7:116:26"
"$(obj.currentTarget)","file:///opt/src/js/tooltip.js:149:13:149:32"
"$(obj.currentTarget)","file:///opt/src/js/tooltip.js:153:7:153:26"
"$(this.$tip)","file:///opt/src/js/tooltip.js:315:16:315:27"
"$(window)","file:///opt/src/js/tooltip.js:372:39:372:47"
"$(window)","file:///opt/src/js/tooltip.js:372:66:372:74"
"$(this. ... mplate)","file:///opt/src/js/tooltip.js:432:19:432:42"
"$(e.currentTarget)","file:///opt/src/js/tooltip.js:459:14:459:31"
"$(e.currentTarget)","file:///opt/src/js/tooltip.js:462:9:462:26"
"$(this)","file:///opt/src/js/tooltip.js:496:21:496:27"
"$(this)","file:///opt/src/js/transition.js:39:5:39:11"
"$($el)","file:///opt/src/js/transition.js:40:47:40:52"
"$(funct ...  }\n  })","file:///opt/src/js/transition.js:45:3:57:4"
"$(e.target)","file:///opt/src/js/transition.js:54:13:54:23"
