"dollarArg","URL for dollarArg"
"functio ... )\n  }\n}","file:///opt/src/docs/_includes/getting-started/browser-device-support.html:222:3:228:1"
"'select ... ontrol'","file:///opt/src/docs/_includes/getting-started/browser-device-support.html:226:7:226:27"
"'#myButton'","file:///opt/src/docs/_includes/js/buttons.html:29:5:29:15"
"this","file:///opt/src/docs/_includes/js/buttons.html:30:18:30:21"
"'#myStateButton'","file:///opt/src/docs/_includes/js/buttons.html:134:5:134:20"
"this","file:///opt/src/docs/_includes/js/buttons.html:135:7:135:10"
"functio ... })\n\n  }","file:///opt/src/docs/assets/js/src/application.js:17:5:174:3"
"window","file:///opt/src/docs/assets/js/src/application.js:20:21:20:26"
"document.body","file:///opt/src/docs/assets/js/src/application.js:21:21:21:33"
"'.bs-do ... f=""#""]'","file:///opt/src/docs/assets/js/src/application.js:31:7:31:37"
"'.bs-docs-sidebar'","file:///opt/src/docs/assets/js/src/application.js:37:24:37:41"
"'.bs-docs-nav'","file:///opt/src/docs/assets/js/src/application.js:44:36:44:49"
"'.bs-docs-footer'","file:///opt/src/docs/assets/js/src/application.js:49:37:49:53"
"'.bs-top'","file:///opt/src/docs/assets/js/src/application.js:56:9:56:17"
"'#bs-th ... esheet'","file:///opt/src/docs/assets/js/src/application.js:61:31:61:52"
"'.bs-do ... toggle'","file:///opt/src/docs/assets/js/src/application.js:62:25:62:47"
"'.tooltip-demo'","file:///opt/src/docs/assets/js/src/application.js:87:7:87:21"
"'.popover-demo'","file:///opt/src/docs/assets/js/src/application.js:91:7:91:21"
"'.tooltip-test'","file:///opt/src/docs/assets/js/src/application.js:97:7:97:21"
"'.popover-test'","file:///opt/src/docs/assets/js/src/application.js:98:7:98:21"
"'.bs-docs-popover'","file:///opt/src/docs/assets/js/src/application.js:101:7:101:24"
"'#loadi ... le-btn'","file:///opt/src/docs/assets/js/src/application.js:104:7:104:28"
"this","file:///opt/src/docs/assets/js/src/application.js:105:20:105:23"
"'#exampleModal'","file:///opt/src/docs/assets/js/src/application.js:113:7:113:21"
"event.relatedTarget","file:///opt/src/docs/assets/js/src/application.js:114:23:114:41"
"this","file:///opt/src/docs/assets/js/src/application.js:118:22:118:25"
"'.bs-do ... essbar'","file:///opt/src/docs/assets/js/src/application.js:124:7:124:46"
"this","file:///opt/src/docs/assets/js/src/application.js:125:9:125:12"
"'.highlight'","file:///opt/src/docs/assets/js/src/application.js:135:7:135:18"
"this","file:///opt/src/docs/assets/js/src/application.js:137:9:137:12"
"'.btn-clipboard'","file:///opt/src/docs/assets/js/src/application.js:139:45:139:60"
"'#globa ... bridge'","file:///opt/src/docs/assets/js/src/application.js:140:25:140:59"
"this","file:///opt/src/docs/assets/js/src/application.js:152:27:152:30"
"'.zero-clipboard'","file:///opt/src/docs/assets/js/src/application.js:170:9:170:25"
"'#impor ... target'","file:///opt/src/docs/assets/js/src/customizer.js:21:29:21:49"
"'<div i ... </div>'","file:///opt/src/docs/assets/js/src/customizer.js:24:7:31:14"
"'<p></p>'","file:///opt/src/docs/assets/js/src/customizer.js:28:28:28:36"
"'<pre c ... </pre>'","file:///opt/src/docs/assets/js/src/customizer.js:29:28:29:76"
"'<div c ... </div>'","file:///opt/src/docs/assets/js/src/customizer.js:36:7:38:12"
"'<div c ... </div>'","file:///opt/src/docs/assets/js/src/customizer.js:42:22:45:12"
"'<div c ... </div>'","file:///opt/src/docs/assets/js/src/customizer.js:55:7:55:187"
"'#less- ...  input'","file:///opt/src/docs/assets/js/src/customizer.js:104:7:104:37"
"this","file:///opt/src/docs/assets/js/src/customizer.js:106:11:106:14"
"this","file:///opt/src/docs/assets/js/src/customizer.js:106:34:106:37"
"this","file:///opt/src/docs/assets/js/src/customizer.js:106:59:106:62"
"'#less- ... hecked'","file:///opt/src/docs/assets/js/src/customizer.js:111:14:111:42"
"'#plugi ... hecked'","file:///opt/src/docs/assets/js/src/customizer.js:112:14:112:44"
"'#plugi ...  input'","file:///opt/src/docs/assets/js/src/customizer.js:122:9:122:31"
"this","file:///opt/src/docs/assets/js/src/customizer.js:123:11:123:14"
"'#less- ...  input'","file:///opt/src/docs/assets/js/src/customizer.js:127:9:127:29"
"this","file:///opt/src/docs/assets/js/src/customizer.js:128:11:128:14"
"'input[ ...  + '""]'","file:///opt/src/docs/assets/js/src/customizer.js:133:11:133:39"
"'#less- ... hecked'","file:///opt/src/docs/assets/js/src/customizer.js:203:25:203:73"
"'#less- ...  input'","file:///opt/src/docs/assets/js/src/customizer.js:283:7:283:27"
"this","file:///opt/src/docs/assets/js/src/customizer.js:284:21:284:24"
"'#less- ...  input'","file:///opt/src/docs/assets/js/src/customizer.js:296:7:296:37"
"this","file:///opt/src/docs/assets/js/src/customizer.js:298:11:298:14"
"this","file:///opt/src/docs/assets/js/src/customizer.js:298:34:298:37"
"this","file:///opt/src/docs/assets/js/src/customizer.js:298:59:298:62"
"'#plugi ... hecked'","file:///opt/src/docs/assets/js/src/customizer.js:340:22:340:52"
"'#impor ... select'","file:///opt/src/docs/assets/js/src/customizer.js:406:5:406:25"
"'#impor ... rigger'","file:///opt/src/docs/assets/js/src/customizer.js:407:5:407:28"
"'#less- ...  input'","file:///opt/src/docs/assets/js/src/customizer.js:409:28:409:48"
"'#plugi ...  input'","file:///opt/src/docs/assets/js/src/customizer.js:410:28:410:50"
"'#less- ...  input'","file:///opt/src/docs/assets/js/src/customizer.js:411:28:411:58"
"'#less- ... toggle'","file:///opt/src/docs/assets/js/src/customizer.js:413:5:413:27"
"'#plugi ... toggle'","file:///opt/src/docs/assets/js/src/customizer.js:418:5:418:29"
"'#less- ... toggle'","file:///opt/src/docs/assets/js/src/customizer.js:423:5:423:37"
"'[data- ... ncies]'","file:///opt/src/docs/assets/js/src/customizer.js:428:5:428:25"
"this","file:///opt/src/docs/assets/js/src/customizer.js:429:12:429:15"
"'[value ...  + '""]'","file:///opt/src/docs/assets/js/src/customizer.js:434:27:434:61"
"'[data-dependents]'","file:///opt/src/docs/assets/js/src/customizer.js:439:5:439:23"
"this","file:///opt/src/docs/assets/js/src/customizer.js:440:11:440:14"
"'[value ...  + '""]'","file:///opt/src/docs/assets/js/src/customizer.js:445:26:445:58"
"'#btn-compile'","file:///opt/src/docs/assets/js/src/customizer.js:450:23:450:36"
"document","file:///opt/src/docs/examples/offcanvas/offcanvas.js:1:3:1:10"
"'[data- ... nvas""]'","file:///opt/src/docs/examples/offcanvas/offcanvas.js:2:5:2:31"
"'.row-offcanvas'","file:///opt/src/docs/examples/offcanvas/offcanvas.js:3:7:3:22"
"document","file:///opt/src/docs/examples/tooltip-viewport/tooltip-viewport.js:1:3:1:10"
"'.tooltip-right'","file:///opt/src/docs/examples/tooltip-viewport/tooltip-viewport.js:2:5:2:20"
"'.tooltip-bottom'","file:///opt/src/docs/examples/tooltip-viewport/tooltip-viewport.js:6:5:6:21"
"'.toolt ... -right'","file:///opt/src/docs/examples/tooltip-viewport/tooltip-viewport.js:10:5:10:29"
"'.toolt ... bottom'","file:///opt/src/docs/examples/tooltip-viewport/tooltip-viewport.js:14:5:14:30"
"this.options.target","file:///opt/src/js/affix.js:19:22:19:40"
"element","file:///opt/src/js/affix.js:23:27:23:33"
"document","file:///opt/src/js/affix.js:81:35:81:42"
"document.body","file:///opt/src/js/affix.js:81:57:81:69"
"this","file:///opt/src/js/affix.js:121:23:121:26"
"window","file:///opt/src/js/affix.js:148:5:148:10"
"'[data-spy=""affix""]'","file:///opt/src/js/affix.js:149:7:149:26"
"this","file:///opt/src/js/affix.js:150:20:150:23"
"el","file:///opt/src/js/alert.js:18:7:18:8"
"this","file:///opt/src/js/alert.js:26:22:26:25"
"selecto ... elector","file:///opt/src/js/alert.js:34:21:34:52"
"this","file:///opt/src/js/alert.js:66:21:66:24"
"document","file:///opt/src/js/alert.js:92:5:92:12"
"element","file:///opt/src/js/button.js:17:24:17:30"
"this","file:///opt/src/js/button.js:80:23:80:26"
"document","file:///opt/src/js/button.js:109:5:109:12"
"e.target","file:///opt/src/js/button.js:111:20:111:27"
"e.target","file:///opt/src/js/button.js:113:15:113:22"
"e.target","file:///opt/src/js/button.js:122:9:122:16"
"element","file:///opt/src/js/carousel.js:17:26:17:32"
"this.$i ... $next)]","file:///opt/src/js/carousel.js:140:30:140:82"
"this","file:///opt/src/js/carousel.js:178:23:178:26"
"this","file:///opt/src/js/carousel.js:210:21:210:24"
"$this.a ... )/, '')","file:///opt/src/js/carousel.js:211:21:211:114"
"document","file:///opt/src/js/carousel.js:226:5:226:12"
"window","file:///opt/src/js/carousel.js:230:5:230:10"
"'[data- ... usel""]'","file:///opt/src/js/carousel.js:231:7:231:30"
"this","file:///opt/src/js/carousel.js:232:25:232:28"
"element","file:///opt/src/js/collapse.js:18:28:18:34"
"'[data- ...  + '""]'","file:///opt/src/js/collapse.js:20:28:21:88"
"this.options.parent","file:///opt/src/js/collapse.js:140:14:140:32"
"element","file:///opt/src/js/collapse.js:143:26:143:32"
"target","file:///opt/src/js/collapse.js:163:14:163:19"
"this","file:///opt/src/js/collapse.js:172:23:172:26"
"document","file:///opt/src/js/collapse.js:200:5:200:12"
"this","file:///opt/src/js/collapse.js:201:21:201:24"
"element","file:///opt/src/js/dropdown.js:19:7:19:13"
"selector","file:///opt/src/js/dropdown.js:32:33:32:40"
"backdrop","file:///opt/src/js/dropdown.js:39:7:39:14"
"toggle","file:///opt/src/js/dropdown.js:40:7:40:12"
"this","file:///opt/src/js/dropdown.js:41:29:41:32"
"this","file:///opt/src/js/dropdown.js:59:19:59:22"
"documen ... ('div')","file:///opt/src/js/dropdown.js:71:11:71:39"
"this","file:///opt/src/js/dropdown.js:73:26:73:29"
"this","file:///opt/src/js/dropdown.js:97:19:97:22"
"this","file:///opt/src/js/dropdown.js:132:21:132:24"
"document","file:///opt/src/js/dropdown.js:158:5:158:12"
"document.body","file:///opt/src/js/modal.js:18:34:18:46"
"element","file:///opt/src/js/modal.js:19:34:19:40"
"e.target","file:///opt/src/js/modal.js:72:15:72:22"
"document","file:///opt/src/js/modal.js:123:7:123:14"
"document","file:///opt/src/js/modal.js:140:7:140:14"
"window","file:///opt/src/js/modal.js:163:9:163:14"
"window","file:///opt/src/js/modal.js:165:9:165:14"
"documen ... ('div')","file:///opt/src/js/modal.js:192:26:192:54"
"this","file:///opt/src/js/modal.js:294:23:294:26"
"document","file:///opt/src/js/modal.js:322:5:322:12"
"this","file:///opt/src/js/modal.js:323:21:323:24"
"$this.a ... /, ''))","file:///opt/src/js/modal.js:325:21:325:93"
"this","file:///opt/src/js/popover.js:84:23:84:26"
"document.body","file:///opt/src/js/scrollspy.js:17:29:17:41"
"element","file:///opt/src/js/scrollspy.js:18:29:18:35"
"window","file:///opt/src/js/scrollspy.js:18:60:18:65"
"element","file:///opt/src/js/scrollspy.js:18:72:18:78"
"this","file:///opt/src/js/scrollspy.js:58:23:58:26"
"href","file:///opt/src/js/scrollspy.js:60:43:60:46"
"selector","file:///opt/src/js/scrollspy.js:113:20:113:27"
"this.selector","file:///opt/src/js/scrollspy.js:127:7:127:19"
"this","file:///opt/src/js/scrollspy.js:138:23:138:26"
"window","file:///opt/src/js/scrollspy.js:165:5:165:10"
"'[data- ... roll""]'","file:///opt/src/js/scrollspy.js:166:7:166:27"
"this","file:///opt/src/js/scrollspy.js:167:20:167:23"
"element","file:///opt/src/js/tab.js:18:22:18:28"
"selector","file:///opt/src/js/tab.js:51:21:51:28"
"this","file:///opt/src/js/tab.js:120:21:120:24"
"this","file:///opt/src/js/tab.js:148:19:148:22"
"document","file:///opt/src/js/tab.js:151:5:151:12"
"window","file:///opt/src/js/tests/index.html:80:11:80:16"
"'#qunit-fixture'","file:///opt/src/js/tests/index.html:91:11:91:26"
"'#modal ... ckdrop'","file:///opt/src/js/tests/index.html:92:11:92:40"
"'#qunit-fixture'","file:///opt/src/js/tests/index.html:98:13:98:28"
"'#qunit-fixture'","file:///opt/src/js/tests/index.html:102:13:102:28"
"functio ... \n  })\n}","file:///opt/src/js/tests/unit/affix.js:1:3:107:1"
"document.body","file:///opt/src/js/tests/unit/affix.js:8:17:8:29"
"'<div/>'","file:///opt/src/js/tests/unit/affix.js:29:17:29:24"
"'<div s ... one""/>'","file:///opt/src/js/tests/unit/affix.js:37:20:37:49"
"templateHTML","file:///opt/src/js/tests/unit/affix.js:53:7:53:18"
"'#affixTarget'","file:///opt/src/js/tests/unit/affix.js:55:7:55:20"
"'#affixTarget ul'","file:///opt/src/js/tests/unit/affix.js:56:17:56:33"
"'#affixTarget'","file:///opt/src/js/tests/unit/affix.js:59:7:59:20"
"'#affix ... xAfter'","file:///opt/src/js/tests/unit/affix.js:64:11:64:37"
"templateHTML","file:///opt/src/js/tests/unit/affix.js:87:7:87:18"
"'#affixTopTarget'","file:///opt/src/js/tests/unit/affix.js:89:7:89:23"
"'#affixTopTarget'","file:///opt/src/js/tests/unit/affix.js:94:21:94:37"
"'#padding-offset'","file:///opt/src/js/tests/unit/affix.js:95:11:95:27"
"functio ...   })\n\n}","file:///opt/src/js/tests/unit/alert.js:1:3:78:1"
"document.body","file:///opt/src/js/tests/unit/alert.js:8:17:8:29"
"'<div/>'","file:///opt/src/js/tests/unit/alert.js:29:17:29:24"
"alertHTML","file:///opt/src/js/tests/unit/alert.js:41:20:41:28"
"alertHTML","file:///opt/src/js/tests/unit/alert.js:54:20:54:28"
"'#qunit-fixture'","file:///opt/src/js/tests/unit/alert.js:56:23:56:38"
"'#qunit-fixture'","file:///opt/src/js/tests/unit/alert.js:60:26:60:41"
"'<div c ... ert""/>'","file:///opt/src/js/tests/unit/alert.js:66:7:66:28"
"functio ...   })\n\n}","file:///opt/src/js/tests/unit/button.js:1:3:168:1"
"document.body","file:///opt/src/js/tests/unit/button.js:8:17:8:29"
"'<div/>'","file:///opt/src/js/tests/unit/button.js:29:17:29:24"
"'<butto ... utton>'","file:///opt/src/js/tests/unit/button.js:37:18:37:75"
"'<butto ... utton>'","file:///opt/src/js/tests/unit/button.js:51:18:51:75"
"'<butto ... fat""/>'","file:///opt/src/js/tests/unit/button.js:73:18:73:64"
"'<butto ... utton>'","file:///opt/src/js/tests/unit/button.js:95:18:95:72"
"'<butto ... utton>'","file:///opt/src/js/tests/unit/button.js:103:18:103:72"
"'<i/>'","file:///opt/src/js/tests/unit/button.js:104:20:104:25"
"'<butto ... utton>'","file:///opt/src/js/tests/unit/button.js:115:18:115:95"
"'<butto ... utton>'","file:///opt/src/js/tests/unit/button.js:123:18:123:95"
"'<i/>'","file:///opt/src/js/tests/unit/button.js:124:20:124:25"
"groupHTML","file:///opt/src/js/tests/unit/button.js:146:20:146:28"
"functio ... \n  })\n}","file:///opt/src/js/tests/unit/carousel.js:1:3:718:1"
"document.body","file:///opt/src/js/tests/unit/carousel.js:8:17:8:29"
"'<div/>'","file:///opt/src/js/tests/unit/carousel.js:29:17:29:24"
"'<div c ... sel""/>'","file:///opt/src/js/tests/unit/carousel.js:38:7:38:31"
"carouselHTML","file:///opt/src/js/tests/unit/carousel.js:72:23:72:34"
"carouselHTML","file:///opt/src/js/tests/unit/carousel.js:131:23:131:34"
"carouselHTML","file:///opt/src/js/tests/unit/carousel.js:186:23:186:34"
"template","file:///opt/src/js/tests/unit/carousel.js:244:7:244:14"
"e.relatedTarget","file:///opt/src/js/tests/unit/carousel.js:247:21:247:35"
"template","file:///opt/src/js/tests/unit/carousel.js:291:7:291:14"
"e.relatedTarget","file:///opt/src/js/tests/unit/carousel.js:294:21:294:35"
"templateHTML","file:///opt/src/js/tests/unit/carousel.js:335:23:335:34"
"'[data-slide]'","file:///opt/src/js/tests/unit/carousel.js:339:7:339:20"
"'[data-slide]'","file:///opt/src/js/tests/unit/carousel.js:344:7:344:20"
"'[data-slide]'","file:///opt/src/js/tests/unit/carousel.js:349:7:349:20"
"'[data-slide]'","file:///opt/src/js/tests/unit/carousel.js:351:7:351:20"
"templateHTML","file:///opt/src/js/tests/unit/carousel.js:377:23:377:34"
"templateHTML","file:///opt/src/js/tests/unit/carousel.js:403:23:403:34"
"templateHTML","file:///opt/src/js/tests/unit/carousel.js:429:23:429:34"
"templateHTML","file:///opt/src/js/tests/unit/carousel.js:455:23:455:34"
"templateHTML","file:///opt/src/js/tests/unit/carousel.js:481:23:481:34"
"templateHTML","file:///opt/src/js/tests/unit/carousel.js:513:23:513:34"
"templateHTML","file:///opt/src/js/tests/unit/carousel.js:555:23:555:34"
"carouselHTML","file:///opt/src/js/tests/unit/carousel.js:584:23:584:34"
"carouselHTML","file:///opt/src/js/tests/unit/carousel.js:629:23:629:34"
"carouselHTML","file:///opt/src/js/tests/unit/carousel.js:663:23:663:34"
"carouselHTML","file:///opt/src/js/tests/unit/carousel.js:709:23:709:34"
"functio ...   })\n\n}","file:///opt/src/js/tests/unit/collapse.js:1:3:443:1"
"document.body","file:///opt/src/js/tests/unit/collapse.js:8:17:8:29"
"'<div/>'","file:///opt/src/js/tests/unit/collapse.js:29:17:29:24"
"'<div c ... pse""/>'","file:///opt/src/js/tests/unit/collapse.js:37:17:37:41"
"'<div c ... pse""/>'","file:///opt/src/js/tests/unit/collapse.js:45:17:45:41"
"'<div c ... pse""/>'","file:///opt/src/js/tests/unit/collapse.js:54:7:54:31"
"'<div c ... 0px""/>'","file:///opt/src/js/tests/unit/collapse.js:70:7:70:51"
"'<a rol ... st1""/>'","file:///opt/src/js/tests/unit/collapse.js:85:21:85:95"
"'<div id=""test1""/>'","file:///opt/src/js/tests/unit/collapse.js:87:7:87:25"
"'<a rol ... st1""/>'","file:///opt/src/js/tests/unit/collapse.js:101:21:101:77"
"'<div i ... ""in""/>'","file:///opt/src/js/tests/unit/collapse.js:103:7:103:36"
"'<a rol ... st1""/>'","file:///opt/src/js/tests/unit/collapse.js:117:21:117:95"
"'<a rol ... st1""/>'","file:///opt/src/js/tests/unit/collapse.js:118:18:118:92"
"'<div id=""test1""/>'","file:///opt/src/js/tests/unit/collapse.js:120:7:120:25"
"'<a rol ... st1""/>'","file:///opt/src/js/tests/unit/collapse.js:135:21:135:77"
"'<a rol ... st1""/>'","file:///opt/src/js/tests/unit/collapse.js:136:18:136:74"
"'<div i ... ""in""/>'","file:///opt/src/js/tests/unit/collapse.js:138:7:138:36"
"'<div i ... ""in""/>'","file:///opt/src/js/tests/unit/collapse.js:153:19:153:48"
"'<div id=""test1"" />'","file:///opt/src/js/tests/unit/collapse.js:168:19:168:38"
"'<div c ... </div>'","file:///opt/src/js/tests/unit/collapse.js:183:7:183:36"
"'<div c ... </div>'","file:///opt/src/js/tests/unit/collapse.js:197:7:197:39"
"accordionHTML","file:///opt/src/js/tests/unit/collapse.js:216:21:216:33"
"'<a rol ... ion""/>'","file:///opt/src/js/tests/unit/collapse.js:218:22:218:103"
"'<div i ... ""in""/>'","file:///opt/src/js/tests/unit/collapse.js:220:7:220:36"
"'<a cla ... ion""/>'","file:///opt/src/js/tests/unit/collapse.js:222:22:222:121"
"'<div id=""body2""/>'","file:///opt/src/js/tests/unit/collapse.js:224:7:224:25"
"'<a cla ... ion""/>'","file:///opt/src/js/tests/unit/collapse.js:226:22:226:121"
"'<div id=""body3""/>'","file:///opt/src/js/tests/unit/collapse.js:228:7:228:25"
"accordionHTML","file:///opt/src/js/tests/unit/collapse.js:250:21:250:33"
"'<a rol ... ion""/>'","file:///opt/src/js/tests/unit/collapse.js:252:22:252:103"
"'<div i ... ""in""/>'","file:///opt/src/js/tests/unit/collapse.js:254:7:254:36"
"'<a cla ... ion""/>'","file:///opt/src/js/tests/unit/collapse.js:256:22:256:121"
"'<div id=""body2""/>'","file:///opt/src/js/tests/unit/collapse.js:258:7:258:25"
"'<a cla ... ion""/>'","file:///opt/src/js/tests/unit/collapse.js:260:22:260:121"
"'<div id=""body3""/>'","file:///opt/src/js/tests/unit/collapse.js:262:7:262:25"
"'<a rol ... lse""/>'","file:///opt/src/js/tests/unit/collapse.js:279:21:279:117"
"'<div id=""test1""/>'","file:///opt/src/js/tests/unit/collapse.js:281:7:281:25"
"'<a rol ... rue""/>'","file:///opt/src/js/tests/unit/collapse.js:295:21:295:98"
"'<div i ... ""in""/>'","file:///opt/src/js/tests/unit/collapse.js:297:7:297:36"
"'<a rol ... lse""/>'","file:///opt/src/js/tests/unit/collapse.js:311:21:311:117"
"'<a rol ... lse""/>'","file:///opt/src/js/tests/unit/collapse.js:312:18:312:114"
"'<div id=""test1""/>'","file:///opt/src/js/tests/unit/collapse.js:314:7:314:25"
"'<a rol ... rue""/>'","file:///opt/src/js/tests/unit/collapse.js:329:21:329:98"
"'<a rol ... rue""/>'","file:///opt/src/js/tests/unit/collapse.js:330:18:330:95"
"'<div i ... ""in""/>'","file:///opt/src/js/tests/unit/collapse.js:332:7:332:36"
"accordionHTML","file:///opt/src/js/tests/unit/collapse.js:352:21:352:33"
"'<a rol ... ion""/>'","file:///opt/src/js/tests/unit/collapse.js:354:22:354:103"
"'<div i ... ""in""/>'","file:///opt/src/js/tests/unit/collapse.js:356:7:356:57"
"'<a cla ... ion""/>'","file:///opt/src/js/tests/unit/collapse.js:358:22:358:121"
"'<div i ... lse""/>'","file:///opt/src/js/tests/unit/collapse.js:360:7:360:47"
"'<a cla ... ion""/>'","file:///opt/src/js/tests/unit/collapse.js:362:22:362:121"
"'<div i ... lse""/>'","file:///opt/src/js/tests/unit/collapse.js:364:7:364:47"
"accordionHTML","file:///opt/src/js/tests/unit/collapse.js:386:23:386:35"
"'<a rol ... ion""/>'","file:///opt/src/js/tests/unit/collapse.js:388:22:388:103"
"'<div i ... pse""/>'","file:///opt/src/js/tests/unit/collapse.js:390:7:390:42"
"'<a rol ... ion""/>'","file:///opt/src/js/tests/unit/collapse.js:396:22:396:103"
"'<div i ... pse""/>'","file:///opt/src/js/tests/unit/collapse.js:397:22:397:57"
"'<a rol ... st1""/>'","file:///opt/src/js/tests/unit/collapse.js:417:21:417:77"
"'<div i ... ""in""/>'","file:///opt/src/js/tests/unit/collapse.js:419:7:419:36"
"'<a rol ... st1""/>'","file:///opt/src/js/tests/unit/collapse.js:432:21:432:95"
"'<div id=""test1""/>'","file:///opt/src/js/tests/unit/collapse.js:434:7:434:25"
"functio ... \n  })\n}","file:///opt/src/js/tests/unit/dropdown.js:1:3:423:1"
"document.body","file:///opt/src/js/tests/unit/dropdown.js:8:17:8:29"
"'<div/>'","file:///opt/src/js/tests/unit/dropdown.js:29:17:29:24"
"dropdownHTML","file:///opt/src/js/tests/unit/dropdown.js:48:23:48:34"
"dropdownHTML","file:///opt/src/js/tests/unit/dropdown.js:66:23:66:34"
"dropdownHTML","file:///opt/src/js/tests/unit/dropdown.js:88:23:88:34"
"document.body","file:///opt/src/js/tests/unit/dropdown.js:101:7:101:19"
"dropdownHTML","file:///opt/src/js/tests/unit/dropdown.js:117:23:117:34"
"dropdownHTML","file:///opt/src/js/tests/unit/dropdown.js:135:23:135:34"
"dropdownHTML","file:///opt/src/js/tests/unit/dropdown.js:153:23:153:34"
"dropdownHTML","file:///opt/src/js/tests/unit/dropdown.js:172:23:172:34"
"document.body","file:///opt/src/js/tests/unit/dropdown.js:179:7:179:19"
"dropdownHTML","file:///opt/src/js/tests/unit/dropdown.js:201:24:201:35"
"'#qunit ...  .open'","file:///opt/src/js/tests/unit/dropdown.js:209:26:209:47"
"document.body","file:///opt/src/js/tests/unit/dropdown.js:210:7:210:19"
"'#qunit ...  .open'","file:///opt/src/js/tests/unit/dropdown.js:211:26:211:47"
"'#qunit ...  .open'","file:///opt/src/js/tests/unit/dropdown.js:215:26:215:47"
"document.body","file:///opt/src/js/tests/unit/dropdown.js:216:7:216:19"
"'#qunit ...  .open'","file:///opt/src/js/tests/unit/dropdown.js:217:26:217:47"
"dropdownHTML","file:///opt/src/js/tests/unit/dropdown.js:233:23:233:34"
"document.body","file:///opt/src/js/tests/unit/dropdown.js:251:7:251:19"
"dropdownHTML","file:///opt/src/js/tests/unit/dropdown.js:268:23:268:34"
"document.body","file:///opt/src/js/tests/unit/dropdown.js:286:7:286:19"
"dropdownHTML","file:///opt/src/js/tests/unit/dropdown.js:302:23:302:34"
"document.body","file:///opt/src/js/tests/unit/dropdown.js:315:11:315:23"
"dropdownHTML","file:///opt/src/js/tests/unit/dropdown.js:338:23:338:34"
"'#input'","file:///opt/src/js/tests/unit/dropdown.js:343:20:343:27"
"'#textarea'","file:///opt/src/js/tests/unit/dropdown.js:344:23:344:33"
"documen ... Element","file:///opt/src/js/tests/unit/dropdown.js:352:21:352:42"
"documen ... Element","file:///opt/src/js/tests/unit/dropdown.js:355:21:355:42"
"dropdownHTML","file:///opt/src/js/tests/unit/dropdown.js:374:23:374:34"
"documen ... Element","file:///opt/src/js/tests/unit/dropdown.js:383:18:383:39"
"dropdownHTML","file:///opt/src/js/tests/unit/dropdown.js:394:23:394:34"
"'#textField'","file:///opt/src/js/tests/unit/dropdown.js:400:7:400:18"
"dropdownHTML","file:///opt/src/js/tests/unit/dropdown.js:413:23:413:34"
"'#textArea'","file:///opt/src/js/tests/unit/dropdown.js:419:7:419:17"
"functio ... \n  })\n}","file:///opt/src/js/tests/unit/modal.js:1:3:377:1"
"document.body","file:///opt/src/js/tests/unit/modal.js:8:17:8:29"
"'<div i ... est""/>'","file:///opt/src/js/tests/unit/modal.js:29:17:29:40"
"'<div i ... est""/>'","file:///opt/src/js/tests/unit/modal.js:44:7:44:30"
"'#modal-test'","file:///opt/src/js/tests/unit/modal.js:46:27:46:39"
"'<div i ... est""/>'","file:///opt/src/js/tests/unit/modal.js:56:7:56:30"
"'<div i ... est""/>'","file:///opt/src/js/tests/unit/modal.js:68:7:68:30"
"'<div i ... est""/>'","file:///opt/src/js/tests/unit/modal.js:84:7:84:30"
"'#modal-test'","file:///opt/src/js/tests/unit/modal.js:86:21:86:33"
"'#modal-test'","file:///opt/src/js/tests/unit/modal.js:87:27:87:39"
"this","file:///opt/src/js/tests/unit/modal.js:88:11:88:14"
"'#modal-test'","file:///opt/src/js/tests/unit/modal.js:91:22:91:34"
"'<div i ... est""/>'","file:///opt/src/js/tests/unit/modal.js:101:7:101:30"
"'#modal-test'","file:///opt/src/js/tests/unit/modal.js:103:21:103:33"
"'#modal-test'","file:///opt/src/js/tests/unit/modal.js:104:27:104:39"
"this","file:///opt/src/js/tests/unit/modal.js:105:11:105:14"
"'#modal-test'","file:///opt/src/js/tests/unit/modal.js:108:22:108:34"
"'<div i ... </div>'","file:///opt/src/js/tests/unit/modal.js:118:7:118:77"
"'#modal-test'","file:///opt/src/js/tests/unit/modal.js:120:21:120:33"
"'#modal-test'","file:///opt/src/js/tests/unit/modal.js:121:27:121:39"
"this","file:///opt/src/js/tests/unit/modal.js:122:11:122:14"
"'#modal-test'","file:///opt/src/js/tests/unit/modal.js:125:22:125:34"
"'<div i ... lse""/>'","file:///opt/src/js/tests/unit/modal.js:135:7:135:52"
"'#modal-test'","file:///opt/src/js/tests/unit/modal.js:137:21:137:33"
"this","file:///opt/src/js/tests/unit/modal.js:138:11:138:14"
"'#modal-test'","file:///opt/src/js/tests/unit/modal.js:141:22:141:34"
"'<div i ... </div>'","file:///opt/src/js/tests/unit/modal.js:151:7:151:58"
"'#modal-test'","file:///opt/src/js/tests/unit/modal.js:153:27:153:39"
"'.contents'","file:///opt/src/js/tests/unit/modal.js:154:11:154:21"
"'#modal-test'","file:///opt/src/js/tests/unit/modal.js:155:21:155:33"
"'#modal-test'","file:///opt/src/js/tests/unit/modal.js:156:11:156:23"
"'#modal-test'","file:///opt/src/js/tests/unit/modal.js:159:22:159:34"
"'<div i ... est""/>'","file:///opt/src/js/tests/unit/modal.js:169:18:169:41"
"'#modal-test'","file:///opt/src/js/tests/unit/modal.js:172:21:172:33"
"'#modal-test'","file:///opt/src/js/tests/unit/modal.js:173:21:173:33"
"'#modal-test'","file:///opt/src/js/tests/unit/modal.js:177:24:177:36"
"'<div i ... est""/>'","file:///opt/src/js/tests/unit/modal.js:189:18:189:41"
"'#modal-test'","file:///opt/src/js/tests/unit/modal.js:192:21:192:33"
"'#modal-test'","file:///opt/src/js/tests/unit/modal.js:193:21:193:33"
"'<div i ... </div>'","file:///opt/src/js/tests/unit/modal.js:211:7:211:58"
"'#modal-test'","file:///opt/src/js/tests/unit/modal.js:214:11:214:23"
"'<div i ... </div>'","file:///opt/src/js/tests/unit/modal.js:228:7:228:101"
"'#close'","file:///opt/src/js/tests/unit/modal.js:230:11:230:18"
"'#modal-test'","file:///opt/src/js/tests/unit/modal.js:234:22:234:34"
"this","file:///opt/src/js/tests/unit/modal.js:235:11:235:14"
"'#close'","file:///opt/src/js/tests/unit/modal.js:237:15:237:22"
"'#modal-test'","file:///opt/src/js/tests/unit/modal.js:240:26:240:38"
"'<butto ... est""/>'","file:///opt/src/js/tests/unit/modal.js:252:24:252:80"
"'<div i ... </div>'","file:///opt/src/js/tests/unit/modal.js:254:7:254:101"
"documen ... Element","file:///opt/src/js/tests/unit/modal.js:257:23:257:44"
"'#close'","file:///opt/src/js/tests/unit/modal.js:262:11:262:18"
"'<butto ... est""/>'","file:///opt/src/js/tests/unit/modal.js:272:24:272:80"
"'<butto ... btn""/>'","file:///opt/src/js/tests/unit/modal.js:273:23:273:48"
"'<div i ... </div>'","file:///opt/src/js/tests/unit/modal.js:275:7:275:95"
"this","file:///opt/src/js/tests/unit/modal.js:280:13:280:16"
"documen ... Element","file:///opt/src/js/tests/unit/modal.js:285:23:285:44"
"'#close'","file:///opt/src/js/tests/unit/modal.js:290:11:290:18"
"document.body","file:///opt/src/js/tests/unit/modal.js:301:19:301:31"
"'<div i ... est""/>'","file:///opt/src/js/tests/unit/modal.js:305:7:305:30"
"this","file:///opt/src/js/tests/unit/modal.js:314:11:314:14"
"document.body","file:///opt/src/js/tests/unit/modal.js:322:19:322:31"
"'<style ... style>'","file:///opt/src/js/tests/unit/modal.js:323:20:323:65"
"'<div i ... est""/>'","file:///opt/src/js/tests/unit/modal.js:325:7:325:30"
"this","file:///opt/src/js/tests/unit/modal.js:332:11:332:14"
"document.body","file:///opt/src/js/tests/unit/modal.js:340:19:340:31"
"'<style ... style>'","file:///opt/src/js/tests/unit/modal.js:341:20:341:65"
"'<div i ... est""/>'","file:///opt/src/js/tests/unit/modal.js:345:7:345:30"
"this","file:///opt/src/js/tests/unit/modal.js:354:11:354:14"
"document.body","file:///opt/src/js/tests/unit/modal.js:362:19:362:31"
"'<div i ... est""/>'","file:///opt/src/js/tests/unit/modal.js:366:7:366:30"
"this","file:///opt/src/js/tests/unit/modal.js:373:11:373:14"
"functio ...   })\n\n}","file:///opt/src/js/tests/unit/popover.js:1:3:290:1"
"document.body","file:///opt/src/js/tests/unit/popover.js:8:17:8:29"
"'<div/>'","file:///opt/src/js/tests/unit/popover.js:29:17:29:24"
"'<a hre ... do</a>'","file:///opt/src/js/tests/unit/popover.js:37:22:37:94"
"'.popover'","file:///opt/src/js/tests/unit/popover.js:41:23:41:32"
"'.popover'","file:///opt/src/js/tests/unit/popover.js:43:26:43:35"
"'<a hre ... do</a>'","file:///opt/src/js/tests/unit/popover.js:48:22:48:94"
"'<a hre ... ok</a>'","file:///opt/src/js/tests/unit/popover.js:55:22:55:73"
"'.popover'","file:///opt/src/js/tests/unit/popover.js:61:17:61:26"
"'<a hre ... at</a>'","file:///opt/src/js/tests/unit/popover.js:66:22:66:43"
"'.popover'","file:///opt/src/js/tests/unit/popover.js:79:23:79:32"
"'.popov ... -title'","file:///opt/src/js/tests/unit/popover.js:80:26:80:50"
"'.popov ... ontent'","file:///opt/src/js/tests/unit/popover.js:81:26:81:52"
"'.popover'","file:///opt/src/js/tests/unit/popover.js:84:26:84:35"
"'<div/>'","file:///opt/src/js/tests/unit/popover.js:89:18:89:25"
"'<a hre ... at</a>'","file:///opt/src/js/tests/unit/popover.js:91:22:91:43"
"'.popover'","file:///opt/src/js/tests/unit/popover.js:100:23:100:32"
"'.popov ... ontent'","file:///opt/src/js/tests/unit/popover.js:101:20:101:46"
"'.popover'","file:///opt/src/js/tests/unit/popover.js:104:26:104:35"
"'.popover'","file:///opt/src/js/tests/unit/popover.js:107:23:107:32"
"'.popov ... ontent'","file:///opt/src/js/tests/unit/popover.js:108:20:108:46"
"'.popover'","file:///opt/src/js/tests/unit/popover.js:111:26:111:35"
"'<a hre ... do</a>'","file:///opt/src/js/tests/unit/popover.js:116:22:116:111"
"'.popover'","file:///opt/src/js/tests/unit/popover.js:121:23:121:32"
"'.popov ... -title'","file:///opt/src/js/tests/unit/popover.js:122:26:122:50"
"'.popov ... ontent'","file:///opt/src/js/tests/unit/popover.js:123:26:123:52"
"'.popover'","file:///opt/src/js/tests/unit/popover.js:126:26:126:35"
"'<a hre ... do</a>'","file:///opt/src/js/tests/unit/popover.js:132:22:132:111"
"'.popover'","file:///opt/src/js/tests/unit/popover.js:140:23:140:32"
"'.popov ... -title'","file:///opt/src/js/tests/unit/popover.js:141:26:141:50"
"'.popov ... ontent'","file:///opt/src/js/tests/unit/popover.js:142:26:142:52"
"'.popover'","file:///opt/src/js/tests/unit/popover.js:145:26:145:35"
"'<a hre ... at</a>'","file:///opt/src/js/tests/unit/popover.js:150:22:150:43"
"'.popover'","file:///opt/src/js/tests/unit/popover.js:160:23:160:32"
"'.popover'","file:///opt/src/js/tests/unit/popover.js:161:17:161:26"
"'.popover'","file:///opt/src/js/tests/unit/popover.js:164:26:164:35"
"'<div/>'","file:///opt/src/js/tests/unit/popover.js:169:22:169:29"
"'<div>< ... </div>'","file:///opt/src/js/tests/unit/popover.js:190:18:190:101"
"'.popover'","file:///opt/src/js/tests/unit/popover.js:198:23:198:32"
"'.popover'","file:///opt/src/js/tests/unit/popover.js:201:26:201:35"
"'<div c ... </div>'","file:///opt/src/js/tests/unit/popover.js:206:22:206:119"
"'.conte ... r .btn'","file:///opt/src/js/tests/unit/popover.js:209:7:209:34"
"'<div>< ... </div>'","file:///opt/src/js/tests/unit/popover.js:213:18:213:58"
"'.conte ... r .btn'","file:///opt/src/js/tests/unit/popover.js:231:19:231:46"
"document","file:///opt/src/js/tests/unit/popover.js:246:9:246:16"
"'<span  ... /span>'","file:///opt/src/js/tests/unit/popover.js:253:22:253:119"
"'<span  ... /span>'","file:///opt/src/js/tests/unit/popover.js:265:9:265:106"
"'<a hre ... -S</a>'","file:///opt/src/js/tests/unit/popover.js:276:7:276:33"
"'.popover'","file:///opt/src/js/tests/unit/popover.js:279:27:279:36"
"functio ...   })\n\n}","file:///opt/src/js/tests/unit/scrollspy.js:1:3:278:1"
"document.body","file:///opt/src/js/tests/unit/scrollspy.js:8:17:8:29"
"'<div/>'","file:///opt/src/js/tests/unit/scrollspy.js:29:17:29:24"
"sectionHTML","file:///opt/src/js/tests/unit/scrollspy.js:65:22:65:32"
"sectionHTML","file:///opt/src/js/tests/unit/scrollspy.js:97:22:97:32"
"navbarHtml","file:///opt/src/js/tests/unit/scrollspy.js:129:7:129:16"
"contentHtml","file:///opt/src/js/tests/unit/scrollspy.js:130:22:130:32"
"target","file:///opt/src/js/tests/unit/scrollspy.js:137:61:137:66"
"element","file:///opt/src/js/tests/unit/scrollspy.js:139:21:139:27"
"navbarHtml","file:///opt/src/js/tests/unit/scrollspy.js:171:7:171:16"
"contentHtml","file:///opt/src/js/tests/unit/scrollspy.js:173:22:173:32"
"'#li-1'","file:///opt/src/js/tests/unit/scrollspy.js:181:21:181:27"
"'#li-2'","file:///opt/src/js/tests/unit/scrollspy.js:182:21:182:27"
"sectionHTML","file:///opt/src/js/tests/unit/scrollspy.js:202:7:202:17"
"scrollspyHTML","file:///opt/src/js/tests/unit/scrollspy.js:211:24:211:36"
"'.active'","file:///opt/src/js/tests/unit/scrollspy.js:219:30:219:38"
"'.active'","file:///opt/src/js/tests/unit/scrollspy.js:220:30:220:38"
"'.active'","file:///opt/src/js/tests/unit/scrollspy.js:224:34:224:42"
"navbarHtml","file:///opt/src/js/tests/unit/scrollspy.js:253:7:253:16"
"contentHtml","file:///opt/src/js/tests/unit/scrollspy.js:254:22:254:32"
"target","file:///opt/src/js/tests/unit/scrollspy.js:260:61:260:66"
"element","file:///opt/src/js/tests/unit/scrollspy.js:262:21:262:27"
"functio ...   })\n\n}","file:///opt/src/js/tests/unit/tab.js:1:3:216:1"
"document.body","file:///opt/src/js/tests/unit/tab.js:8:17:8:29"
"'<div/>'","file:///opt/src/js/tests/unit/tab.js:29:17:29:24"
"'<ul><l ... ></ul>'","file:///opt/src/js/tests/unit/tab.js:42:7:42:50"
"tabsHTML","file:///opt/src/js/tests/unit/tab.js:44:7:44:14"
"'#qunit-fixture'","file:///opt/src/js/tests/unit/tab.js:45:26:45:41"
"tabsHTML","file:///opt/src/js/tests/unit/tab.js:47:7:47:14"
"'#qunit-fixture'","file:///opt/src/js/tests/unit/tab.js:48:26:48:41"
"'<ul><l ... ></ul>'","file:///opt/src/js/tests/unit/tab.js:58:7:58:50"
"pillsHTML","file:///opt/src/js/tests/unit/tab.js:60:7:60:15"
"'#qunit-fixture'","file:///opt/src/js/tests/unit/tab.js:61:26:61:41"
"pillsHTML","file:///opt/src/js/tests/unit/tab.js:63:7:63:15"
"'#qunit-fixture'","file:///opt/src/js/tests/unit/tab.js:64:26:64:41"
"'<div class=""tab""/>'","file:///opt/src/js/tests/unit/tab.js:71:7:71:26"
"dropHTML","file:///opt/src/js/tests/unit/tab.js:96:7:96:14"
"tabsHTML","file:///opt/src/js/tests/unit/tab.js:120:7:120:14"
"tabsHTML","file:///opt/src/js/tests/unit/tab.js:130:7:130:14"
"tabsHTML","file:///opt/src/js/tests/unit/tab.js:151:7:151:14"
"tabsHTML","file:///opt/src/js/tests/unit/tab.js:176:7:176:14"
"tabsHTML","file:///opt/src/js/tests/unit/tab.js:197:19:197:26"
"functio ...   })\n\n}","file:///opt/src/js/tests/unit/tooltip.js:1:3:1325:1"
"document.body","file:///opt/src/js/tests/unit/tooltip.js:8:17:8:29"
"'<div/>'","file:///opt/src/js/tests/unit/tooltip.js:29:17:29:24"
"'<a hre ... tip""/>'","file:///opt/src/js/tests/unit/tooltip.js:42:22:42:74"
"'<a hre ... tip""/>'","file:///opt/src/js/tests/unit/tooltip.js:48:22:48:74"
"'<a hre ... tip""/>'","file:///opt/src/js/tests/unit/tooltip.js:54:22:54:74"
"'.tooltip'","file:///opt/src/js/tests/unit/tooltip.js:59:16:59:25"
"'#' + id","file:///opt/src/js/tests/unit/tooltip.js:61:26:61:33"
"'.tooltip'","file:///opt/src/js/tests/unit/tooltip.js:62:26:62:35"
"'<a hre ... tip""/>'","file:///opt/src/js/tests/unit/tooltip.js:68:22:68:74"
"'<a hre ... tip""/>'","file:///opt/src/js/tests/unit/tooltip.js:81:7:81:59"
"'.tooltip'","file:///opt/src/js/tests/unit/tooltip.js:85:16:85:25"
"'#' + id","file:///opt/src/js/tests/unit/tooltip.js:87:26:87:33"
"'<a hre ... tip""/>'","file:///opt/src/js/tests/unit/tooltip.js:93:22:93:74"
"'.tooltip'","file:///opt/src/js/tests/unit/tooltip.js:98:17:98:26"
"'.tooltip'","file:///opt/src/js/tests/unit/tooltip.js:101:26:101:35"
"'<a hre ... gt;""/>'","file:///opt/src/js/tests/unit/tooltip.js:106:22:106:82"
"'.tooltip b'","file:///opt/src/js/tests/unit/tooltip.js:111:23:111:34"
"'.tooltip'","file:///opt/src/js/tests/unit/tooltip.js:114:26:114:35"
"'<a hre ... tip""/>'","file:///opt/src/js/tests/unit/tooltip.js:119:22:119:74"
"'.tooltip'","file:///opt/src/js/tests/unit/tooltip.js:124:17:124:26"
"'.tooltip'","file:///opt/src/js/tests/unit/tooltip.js:127:26:127:35"
"'<div t ... tle""/>'","file:///opt/src/js/tests/unit/tooltip.js:134:7:134:36"
"'<div t ... tle""/>'","file:///opt/src/js/tests/unit/tooltip.js:146:7:146:36"
"'.tooltip'","file:///opt/src/js/tests/unit/tooltip.js:149:27:149:36"
"'<div t ... </div>'","file:///opt/src/js/tests/unit/tooltip.js:160:7:160:41"
"'<div t ... tle""/>'","file:///opt/src/js/tests/unit/tooltip.js:173:7:173:36"
"'<div t ... tle""/>'","file:///opt/src/js/tests/unit/tooltip.js:189:7:189:36"
"this","file:///opt/src/js/tests/unit/tooltip.js:192:11:192:14"
"'<div t ... tle""/>'","file:///opt/src/js/tests/unit/tooltip.js:205:7:205:36"
"this","file:///opt/src/js/tests/unit/tooltip.js:208:11:208:14"
"'<div t ... tle""/>'","file:///opt/src/js/tests/unit/tooltip.js:221:7:221:36"
"this","file:///opt/src/js/tests/unit/tooltip.js:224:11:224:14"
"'<div/>'","file:///opt/src/js/tests/unit/tooltip.js:239:22:239:29"
"'<div>< ... </div>'","file:///opt/src/js/tests/unit/tooltip.js:258:18:258:81"
"'.tooltip'","file:///opt/src/js/tests/unit/tooltip.js:266:17:266:26"
"'.tooltip'","file:///opt/src/js/tests/unit/tooltip.js:269:26:269:35"
"'<a hre ... gle""/>'","file:///opt/src/js/tests/unit/tooltip.js:274:7:274:61"
"'.tooltip'","file:///opt/src/js/tests/unit/tooltip.js:279:17:279:26"
"'<a hre ... ok</a>'","file:///opt/src/js/tests/unit/tooltip.js:284:7:284:77"
"'.tooltip'","file:///opt/src/js/tests/unit/tooltip.js:289:7:289:16"
"'.tooltip'","file:///opt/src/js/tests/unit/tooltip.js:290:17:290:26"
"'<a hre ... tip""/>'","file:///opt/src/js/tests/unit/tooltip.js:295:22:295:74"
"'body > .tooltip'","file:///opt/src/js/tests/unit/tooltip.js:300:23:300:39"
"'#qunit ... ooltip'","file:///opt/src/js/tests/unit/tooltip.js:301:26:301:52"
"'body > .tooltip'","file:///opt/src/js/tests/unit/tooltip.js:304:26:304:42"
"styles","file:///opt/src/js/tests/unit/tooltip.js:313:21:313:26"
"'<div/>'","file:///opt/src/js/tests/unit/tooltip.js:315:24:315:31"
"'<a hre ... ine""/>'","file:///opt/src/js/tests/unit/tooltip.js:316:21:316:122"
"'<a hre ... tip""/>'","file:///opt/src/js/tests/unit/tooltip.js:338:22:338:73"
"'.tooltip'","file:///opt/src/js/tests/unit/tooltip.js:343:26:343:35"
"'.tooltip'","file:///opt/src/js/tests/unit/tooltip.js:346:26:346:35"
"'<a hre ... tip""/>'","file:///opt/src/js/tests/unit/tooltip.js:351:22:351:73"
"'.tooltip'","file:///opt/src/js/tests/unit/tooltip.js:358:26:358:35"
"'.tooltip'","file:///opt/src/js/tests/unit/tooltip.js:361:26:361:35"
"'<a hre ... tip""/>'","file:///opt/src/js/tests/unit/tooltip.js:366:22:366:50"
"'.tooltip'","file:///opt/src/js/tests/unit/tooltip.js:373:26:373:35"
"'.tooltip'","file:///opt/src/js/tests/unit/tooltip.js:376:26:376:35"
"'<style ... style>'","file:///opt/src/js/tests/unit/tooltip.js:381:20:381:127"
"'<div/>'","file:///opt/src/js/tests/unit/tooltip.js:382:24:382:31"
"'<div s ... </div>'","file:///opt/src/js/tests/unit/tooltip.js:389:25:389:115"
"'.tooltip'","file:///opt/src/js/tests/unit/tooltip.js:394:17:394:26"
"'.tooltip'","file:///opt/src/js/tests/unit/tooltip.js:397:26:397:35"
"'<div s ... </div>'","file:///opt/src/js/tests/unit/tooltip.js:399:27:399:114"
"'.tooltip'","file:///opt/src/js/tests/unit/tooltip.js:404:17:404:26"
"'.tooltip'","file:///opt/src/js/tests/unit/tooltip.js:407:26:407:35"
"'<div s ... </div>'","file:///opt/src/js/tests/unit/tooltip.js:409:26:409:110"
"'.tooltip'","file:///opt/src/js/tests/unit/tooltip.js:414:17:414:26"
"'.tooltip'","file:///opt/src/js/tests/unit/tooltip.js:417:26:417:35"
"styles","file:///opt/src/js/tests/unit/tooltip.js:430:21:430:26"
"'<div i ... ion""/>'","file:///opt/src/js/tests/unit/tooltip.js:432:24:432:44"
"'<div r ... tip""/>'","file:///opt/src/js/tests/unit/tooltip.js:433:21:433:54"
"'.tooltip'","file:///opt/src/js/tests/unit/tooltip.js:441:17:441:26"
"'.tooltip'","file:///opt/src/js/tests/unit/tooltip.js:444:26:444:35"
"styles","file:///opt/src/js/tests/unit/tooltip.js:455:21:455:26"
"'<div i ... ion""/>'","file:///opt/src/js/tests/unit/tooltip.js:457:24:457:44"
"'<div r ... tip""/>'","file:///opt/src/js/tests/unit/tooltip.js:458:21:458:54"
"'.tooltip'","file:///opt/src/js/tests/unit/tooltip.js:466:17:466:26"
"'.tooltip'","file:///opt/src/js/tests/unit/tooltip.js:469:26:469:35"
"styles","file:///opt/src/js/tests/unit/tooltip.js:481:21:481:26"
"'<div i ... ion""/>'","file:///opt/src/js/tests/unit/tooltip.js:483:24:483:44"
"'<div r ... tip""/>'","file:///opt/src/js/tests/unit/tooltip.js:484:21:484:54"
"'.tooltip'","file:///opt/src/js/tests/unit/tooltip.js:492:17:492:26"
"'.tooltip'","file:///opt/src/js/tests/unit/tooltip.js:495:26:495:35"
"styles","file:///opt/src/js/tests/unit/tooltip.js:506:21:506:26"
"'<div i ... div""/>'","file:///opt/src/js/tests/unit/tooltip.js:508:24:508:51"
"'<div r ... </div>'","file:///opt/src/js/tests/unit/tooltip.js:509:21:509:92"
"'#scrollable-div'","file:///opt/src/js/tests/unit/tooltip.js:516:7:516:23"
"'.tooltip'","file:///opt/src/js/tests/unit/tooltip.js:519:17:519:26"
"'.tooltip'","file:///opt/src/js/tests/unit/tooltip.js:522:26:522:35"
"styles","file:///opt/src/js/tests/unit/tooltip.js:533:21:533:26"
"'<div i ... div""/>'","file:///opt/src/js/tests/unit/tooltip.js:535:24:535:51"
"'<div r ... </div>'","file:///opt/src/js/tests/unit/tooltip.js:536:21:536:92"
"'#scrollable-div'","file:///opt/src/js/tests/unit/tooltip.js:543:7:543:23"
"'.tooltip'","file:///opt/src/js/tests/unit/tooltip.js:546:17:546:26"
"'.tooltip'","file:///opt/src/js/tests/unit/tooltip.js:549:26:549:35"
"styles","file:///opt/src/js/tests/unit/tooltip.js:562:21:562:26"
"'<div i ... div""/>'","file:///opt/src/js/tests/unit/tooltip.js:564:24:564:51"
"'<div r ... </div>'","file:///opt/src/js/tests/unit/tooltip.js:565:21:565:92"
"'#scrollable-div'","file:///opt/src/js/tests/unit/tooltip.js:574:7:574:23"
"'.tooltip'","file:///opt/src/js/tests/unit/tooltip.js:577:17:577:26"
"'.tooltip'","file:///opt/src/js/tests/unit/tooltip.js:580:26:580:35"
"styles","file:///opt/src/js/tests/unit/tooltip.js:591:21:591:26"
"'<div i ... div""/>'","file:///opt/src/js/tests/unit/tooltip.js:593:24:593:51"
"'<div r ... </div>'","file:///opt/src/js/tests/unit/tooltip.js:594:21:594:92"
"'#scrollable-div'","file:///opt/src/js/tests/unit/tooltip.js:601:7:601:23"
"'.tooltip'","file:///opt/src/js/tests/unit/tooltip.js:604:17:604:26"
"'.tooltip'","file:///opt/src/js/tests/unit/tooltip.js:607:26:607:35"
"styles","file:///opt/src/js/tests/unit/tooltip.js:618:21:618:26"
"'<div/>'","file:///opt/src/js/tests/unit/tooltip.js:620:24:620:31"
"'<a hre ... px;""/>'","file:///opt/src/js/tests/unit/tooltip.js:621:21:621:90"
"'.tooltip'","file:///opt/src/js/tests/unit/tooltip.js:635:26:635:35"
"styles","file:///opt/src/js/tests/unit/tooltip.js:646:21:646:26"
"'<div/>'","file:///opt/src/js/tests/unit/tooltip.js:648:24:648:31"
"'<a hre ... px;""/>'","file:///opt/src/js/tests/unit/tooltip.js:649:21:649:93"
"window","file:///opt/src/js/tests/unit/tooltip.js:661:72:661:77"
"'.tooltip'","file:///opt/src/js/tests/unit/tooltip.js:664:26:664:35"
"styles","file:///opt/src/js/tests/unit/tooltip.js:676:21:676:26"
"'<div/>'","file:///opt/src/js/tests/unit/tooltip.js:678:24:678:31"
"'<a hre ... px;""/>'","file:///opt/src/js/tests/unit/tooltip.js:679:21:679:90"
"'.tooltip'","file:///opt/src/js/tests/unit/tooltip.js:693:26:693:35"
"styles","file:///opt/src/js/tests/unit/tooltip.js:705:21:705:26"
"'<div/>'","file:///opt/src/js/tests/unit/tooltip.js:707:24:707:31"
"'<a hre ... px;""/>'","file:///opt/src/js/tests/unit/tooltip.js:708:21:708:91"
"window","file:///opt/src/js/tests/unit/tooltip.js:720:73:720:78"
"'.tooltip'","file:///opt/src/js/tests/unit/tooltip.js:723:26:723:35"
"styles","file:///opt/src/js/tests/unit/tooltip.js:736:21:736:26"
"'<div c ... ort""/>'","file:///opt/src/js/tests/unit/tooltip.js:738:24:738:58"
"'<a hre ... px;""/>'","file:///opt/src/js/tests/unit/tooltip.js:739:21:739:93"
"'.tooltip'","file:///opt/src/js/tests/unit/tooltip.js:751:26:751:35"
"styles","file:///opt/src/js/tests/unit/tooltip.js:764:21:764:26"
"'<div c ... ort""/>'","file:///opt/src/js/tests/unit/tooltip.js:766:24:766:58"
"'<a hre ... px;""/>'","file:///opt/src/js/tests/unit/tooltip.js:767:21:767:93"
"'.tooltip'","file:///opt/src/js/tests/unit/tooltip.js:782:26:782:35"
"styles","file:///opt/src/js/tests/unit/tooltip.js:796:21:796:26"
"'<div c ... ort""/>'","file:///opt/src/js/tests/unit/tooltip.js:798:24:798:58"
"'<a hre ... ar</a>'","file:///opt/src/js/tests/unit/tooltip.js:799:21:799:70"
"'.tooltip'","file:///opt/src/js/tests/unit/tooltip.js:810:26:810:35"
"'<a hre ... tip""/>'","file:///opt/src/js/tests/unit/tooltip.js:819:22:819:74"
"this","file:///opt/src/js/tests/unit/tooltip.js:822:11:822:14"
"containerHTML","file:///opt/src/js/tests/unit/tooltip.js:846:24:846:36"
"'<div/>'","file:///opt/src/js/tests/unit/tooltip.js:878:24:878:31"
"'<a hre ... me</a>'","file:///opt/src/js/tests/unit/tooltip.js:888:7:888:93"
"'.tooltip'","file:///opt/src/js/tests/unit/tooltip.js:901:19:901:28"
"'<a hre ... tip""/>'","file:///opt/src/js/tests/unit/tooltip.js:910:22:910:74"
"'.tooltip'","file:///opt/src/js/tests/unit/tooltip.js:915:20:915:29"
"'.tooltip'","file:///opt/src/js/tests/unit/tooltip.js:919:19:919:28"
"'<a hre ... tip""/>'","file:///opt/src/js/tests/unit/tooltip.js:930:22:930:74"
"'.tooltip'","file:///opt/src/js/tests/unit/tooltip.js:935:20:935:29"
"'.tooltip'","file:///opt/src/js/tests/unit/tooltip.js:940:20:940:29"
"'<a hre ... tip""/>'","file:///opt/src/js/tests/unit/tooltip.js:951:22:951:74"
"'.tooltip'","file:///opt/src/js/tests/unit/tooltip.js:956:19:956:28"
"'.tooltip'","file:///opt/src/js/tests/unit/tooltip.js:960:21:960:30"
"'.tooltip'","file:///opt/src/js/tests/unit/tooltip.js:965:21:965:30"
"'<a hre ... tip""/>'","file:///opt/src/js/tests/unit/tooltip.js:977:22:977:74"
"'.tooltip'","file:///opt/src/js/tests/unit/tooltip.js:982:20:982:29"
"'.tooltip'","file:///opt/src/js/tests/unit/tooltip.js:987:20:987:29"
"'<a hre ... tip""/>'","file:///opt/src/js/tests/unit/tooltip.js:998:22:998:74"
"'.tooltip'","file:///opt/src/js/tests/unit/tooltip.js:1003:20:1003:29"
"'.tooltip'","file:///opt/src/js/tests/unit/tooltip.js:1008:20:1008:29"
"'<a hre ... tip""/>'","file:///opt/src/js/tests/unit/tooltip.js:1019:22:1019:74"
"styles","file:///opt/src/js/tests/unit/tooltip.js:1057:21:1057:26"
"'#qunit-fixture'","file:///opt/src/js/tests/unit/tooltip.js:1059:7:1059:22"
"'#theCircle'","file:///opt/src/js/tests/unit/tooltip.js:1065:21:1065:32"
"'.tooltip'","file:///opt/src/js/tests/unit/tooltip.js:1069:24:1069:33"
"'.tooltip'","file:///opt/src/js/tests/unit/tooltip.js:1073:30:1073:39"
"styles","file:///opt/src/js/tests/unit/tooltip.js:1095:21:1095:26"
"'#qunit-fixture'","file:///opt/src/js/tests/unit/tooltip.js:1097:7:1097:22"
"'#tt-trigger'","file:///opt/src/js/tests/unit/tooltip.js:1098:22:1098:34"
"'.tooltip-inner'","file:///opt/src/js/tests/unit/tooltip.js:1102:22:1102:37"
"this","file:///opt/src/js/tests/unit/tooltip.js:1110:11:1110:14"
"'.tooltip'","file:///opt/src/js/tests/unit/tooltip.js:1111:30:1111:39"
"'<span  ... /span>'","file:///opt/src/js/tests/unit/tooltip.js:1130:22:1130:115"
"'#tt-outer'","file:///opt/src/js/tests/unit/tooltip.js:1142:7:1142:17"
"'#tt-content'","file:///opt/src/js/tests/unit/tooltip.js:1144:24:1144:36"
"'#tt-content'","file:///opt/src/js/tests/unit/tooltip.js:1146:7:1146:19"
"'#tt-content'","file:///opt/src/js/tests/unit/tooltip.js:1147:38:1147:50"
"'<span  ... /span>'","file:///opt/src/js/tests/unit/tooltip.js:1157:22:1157:115"
"'#tt-outer'","file:///opt/src/js/tests/unit/tooltip.js:1171:7:1171:17"
"'#tt-content'","file:///opt/src/js/tests/unit/tooltip.js:1173:24:1173:36"
"'#tt-outer'","file:///opt/src/js/tests/unit/tooltip.js:1175:7:1175:17"
"'#tt-content'","file:///opt/src/js/tests/unit/tooltip.js:1176:38:1176:50"
"'#tt-content'","file:///opt/src/js/tests/unit/tooltip.js:1180:7:1180:19"
"'#tt-content'","file:///opt/src/js/tests/unit/tooltip.js:1183:38:1183:50"
"styles","file:///opt/src/js/tests/unit/tooltip.js:1196:21:1196:26"
"'<a hre ... ar</a>'","file:///opt/src/js/tests/unit/tooltip.js:1198:7:1198:101"
"this","file:///opt/src/js/tests/unit/tooltip.js:1201:29:1201:32"
"this","file:///opt/src/js/tests/unit/tooltip.js:1203:11:1203:14"
"this","file:///opt/src/js/tests/unit/tooltip.js:1207:11:1207:14"
"'.tooltip'","file:///opt/src/js/tests/unit/tooltip.js:1208:30:1208:39"
"styles","file:///opt/src/js/tests/unit/tooltip.js:1236:21:1236:26"
"'<div i ... =""1""/>'","file:///opt/src/js/tests/unit/tooltip.js:1238:22:1238:51"
"'.tooltip'","file:///opt/src/js/tests/unit/tooltip.js:1242:24:1242:33"
"document","file:///opt/src/js/tests/unit/tooltip.js:1261:9:1261:16"
"'<span  ... /span>'","file:///opt/src/js/tests/unit/tooltip.js:1268:22:1268:84"
"'<a hre ... ""></a>'","file:///opt/src/js/tests/unit/tooltip.js:1280:9:1280:72"
"'<butto ... utton>'","file:///opt/src/js/tests/unit/tooltip.js:1289:17:1289:42"
"functio ... \n  })\n}","file:///opt/src/js/tests/visual/affix-with-sticky-footer.html:290:3:314:1"
"'.js-af ... nt-top'","file:///opt/src/js/tests/visual/affix-with-sticky-footer.html:291:5:291:29"
"'.js-page-header'","file:///opt/src/js/tests/visual/affix-with-sticky-footer.html:293:14:293:30"
"'.js-footer'","file:///opt/src/js/tests/visual/affix-with-sticky-footer.html:294:17:294:28"
"e.target","file:///opt/src/js/tests/visual/affix-with-sticky-footer.html:299:7:299:14"
"'.js-af ... bottom'","file:///opt/src/js/tests/visual/affix-with-sticky-footer.html:302:5:302:32"
"'.js-footer'","file:///opt/src/js/tests/visual/affix-with-sticky-footer.html:304:17:304:28"
"'.js-grow-btn'","file:///opt/src/js/tests/visual/affix-with-sticky-footer.html:308:5:308:18"
"'.js-content'","file:///opt/src/js/tests/visual/affix-with-sticky-footer.html:309:7:309:19"
"'.js-shrink-btn'","file:///opt/src/js/tests/visual/affix-with-sticky-footer.html:311:5:311:20"
"'.js-content p'","file:///opt/src/js/tests/visual/affix-with-sticky-footer.html:312:7:312:21"
"functio ... \n  })\n}","file:///opt/src/js/tests/visual/affix.html:279:3:303:1"
"'.js-af ... nt-top'","file:///opt/src/js/tests/visual/affix.html:280:5:280:29"
"'.js-page-header'","file:///opt/src/js/tests/visual/affix.html:282:14:282:30"
"'.js-footer'","file:///opt/src/js/tests/visual/affix.html:283:17:283:28"
"e.target","file:///opt/src/js/tests/visual/affix.html:288:7:288:14"
"'.js-af ... bottom'","file:///opt/src/js/tests/visual/affix.html:291:5:291:32"
"'.js-footer'","file:///opt/src/js/tests/visual/affix.html:293:17:293:28"
"'.js-grow-btn'","file:///opt/src/js/tests/visual/affix.html:297:5:297:18"
"'.js-content'","file:///opt/src/js/tests/visual/affix.html:298:7:298:19"
"'.js-shrink-btn'","file:///opt/src/js/tests/visual/affix.html:300:5:300:20"
"'.js-content p'","file:///opt/src/js/tests/visual/affix.html:301:7:301:21"
"functio ... \n  })\n}","file:///opt/src/js/tests/visual/button.html:69:3:76:1"
"'.js-loading-button'","file:///opt/src/js/tests/visual/button.html:70:5:70:24"
"this","file:///opt/src/js/tests/visual/button.html:71:17:71:20"
"'#ff-bu ... result'","file:///opt/src/js/tests/visual/modal.html:180:7:180:27"
"functio ... \n  })\n}","file:///opt/src/js/tests/visual/modal.html:187:3:201:1"
"'.js-popover'","file:///opt/src/js/tests/visual/modal.html:188:5:188:17"
"'.js-tooltip'","file:///opt/src/js/tests/visual/modal.html:189:5:189:17"
"'#tall-toggle'","file:///opt/src/js/tests/visual/modal.html:190:5:190:18"
"'#tall'","file:///opt/src/js/tests/visual/modal.html:191:7:191:13"
"'#ff-bug-input'","file:///opt/src/js/tests/visual/modal.html:193:5:193:19"
"'#myModal2'","file:///opt/src/js/tests/visual/modal.html:194:7:194:17"
"'#ff-bug-input'","file:///opt/src/js/tests/visual/modal.html:197:7:197:21"
"functio ... ver()\n}","file:///opt/src/js/tests/visual/popover.html:48:3:50:1"
"'.js-popover'","file:///opt/src/js/tests/visual/popover.html:49:5:49:17"
"functio ... tip()\n}","file:///opt/src/js/tests/visual/tooltip.html:44:3:46:1"
"'[data- ... ltip""]'","file:///opt/src/js/tests/visual/tooltip.html:45:5:45:29"
"element","file:///opt/src/js/tooltip.js:52:24:52:30"
"$.isFun ... ewport)","file:///opt/src/js/tooltip.js:54:49:54:193"
"obj.currentTarget","file:///opt/src/js/tooltip.js:112:15:112:31"
"obj.currentTarget","file:///opt/src/js/tooltip.js:116:9:116:25"
"obj.currentTarget","file:///opt/src/js/tooltip.js:149:15:149:31"
"obj.currentTarget","file:///opt/src/js/tooltip.js:153:9:153:25"
"this.$tip","file:///opt/src/js/tooltip.js:315:18:315:26"
"window","file:///opt/src/js/tooltip.js:372:41:372:46"
"window","file:///opt/src/js/tooltip.js:372:68:372:73"
"this.op ... emplate","file:///opt/src/js/tooltip.js:432:21:432:41"
"e.currentTarget","file:///opt/src/js/tooltip.js:459:16:459:30"
"e.currentTarget","file:///opt/src/js/tooltip.js:462:11:462:25"
"this","file:///opt/src/js/tooltip.js:496:23:496:26"
"this","file:///opt/src/js/transition.js:39:7:39:10"
"$el","file:///opt/src/js/transition.js:40:49:40:51"
"functio ...   }\n  }","file:///opt/src/js/transition.js:45:5:57:3"
"e.target","file:///opt/src/js/transition.js:54:15:54:22"
