"n","URL for n"
"$.fn","file:///opt/src/js/affix.js:130:13:130:16"
"$.fn","file:///opt/src/js/affix.js:132:3:132:6"
"$.fn","file:///opt/src/js/affix.js:133:3:133:6"
"$.fn","file:///opt/src/js/affix.js:139:3:139:6"
"$.fn","file:///opt/src/js/affix.js:140:5:140:8"
"$.fn","file:///opt/src/js/alert.js:74:13:74:16"
"$.fn","file:///opt/src/js/alert.js:76:3:76:6"
"$.fn","file:///opt/src/js/alert.js:77:3:77:6"
"$.fn","file:///opt/src/js/alert.js:83:3:83:6"
"$.fn","file:///opt/src/js/alert.js:84:5:84:8"
"$.fn","file:///opt/src/js/button.js:91:13:91:16"
"$.fn","file:///opt/src/js/button.js:93:3:93:6"
"$.fn","file:///opt/src/js/button.js:94:3:94:6"
"$.fn","file:///opt/src/js/button.js:100:3:100:6"
"$.fn","file:///opt/src/js/button.js:101:5:101:8"
"$.fn","file:///opt/src/js/carousel.js:190:13:190:16"
"$.fn","file:///opt/src/js/carousel.js:192:3:192:6"
"$.fn","file:///opt/src/js/carousel.js:193:3:193:6"
"$.fn","file:///opt/src/js/carousel.js:199:3:199:6"
"$.fn","file:///opt/src/js/carousel.js:200:5:200:8"
"$.fn","file:///opt/src/js/collapse.js:182:13:182:16"
"$.fn","file:///opt/src/js/collapse.js:184:3:184:6"
"$.fn","file:///opt/src/js/collapse.js:185:3:185:6"
"$.fn","file:///opt/src/js/collapse.js:191:3:191:6"
"$.fn","file:///opt/src/js/collapse.js:192:5:192:8"
"$.fn","file:///opt/src/js/dropdown.js:140:13:140:16"
"$.fn","file:///opt/src/js/dropdown.js:142:3:142:6"
"$.fn","file:///opt/src/js/dropdown.js:143:3:143:6"
"$.fn","file:///opt/src/js/dropdown.js:149:3:149:6"
"$.fn","file:///opt/src/js/dropdown.js:150:5:150:8"
"$.fn","file:///opt/src/js/modal.js:304:13:304:16"
"$.fn","file:///opt/src/js/modal.js:306:3:306:6"
"$.fn","file:///opt/src/js/modal.js:307:3:307:6"
"$.fn","file:///opt/src/js/modal.js:313:3:313:6"
"$.fn","file:///opt/src/js/modal.js:314:5:314:8"
"$.fn","file:///opt/src/js/popover.js:20:8:20:11"
"$.fn","file:///opt/src/js/popover.js:24:35:24:38"
"$.fn","file:///opt/src/js/popover.js:35:36:35:39"
"$.fn","file:///opt/src/js/popover.js:94:13:94:16"
"$.fn","file:///opt/src/js/popover.js:96:3:96:6"
"$.fn","file:///opt/src/js/popover.js:97:3:97:6"
"$.fn","file:///opt/src/js/popover.js:103:3:103:6"
"$.fn","file:///opt/src/js/popover.js:104:5:104:8"
"$.fn","file:///opt/src/js/scrollspy.js:147:13:147:16"
"$.fn","file:///opt/src/js/scrollspy.js:149:3:149:6"
"$.fn","file:///opt/src/js/scrollspy.js:150:3:150:6"
"$.fn","file:///opt/src/js/scrollspy.js:156:3:156:6"
"$.fn","file:///opt/src/js/scrollspy.js:157:5:157:8"
"$.fn","file:///opt/src/js/tab.js:128:13:128:16"
"$.fn","file:///opt/src/js/tab.js:130:3:130:6"
"$.fn","file:///opt/src/js/tab.js:131:3:131:6"
"$.fn","file:///opt/src/js/tab.js:137:3:137:6"
"$.fn","file:///opt/src/js/tab.js:138:5:138:8"
"$.fn","file:///opt/src/js/tests/index.html:47:11:47:14"
"$.fn","file:///opt/src/js/tests/unit/affix.js:14:7:14:10"
"$.fn","file:///opt/src/js/tests/unit/affix.js:14:29:14:32"
"$.fn","file:///opt/src/js/tests/unit/affix.js:17:7:17:10"
"$.fn","file:///opt/src/js/tests/unit/affix.js:17:20:17:23"
"$.fn","file:///opt/src/js/tests/unit/affix.js:18:14:18:17"
"$.fn","file:///opt/src/js/tests/unit/affix.js:24:24:24:27"
"$.fn","file:///opt/src/js/tests/unit/alert.js:14:7:14:10"
"$.fn","file:///opt/src/js/tests/unit/alert.js:14:29:14:32"
"$.fn","file:///opt/src/js/tests/unit/alert.js:17:7:17:10"
"$.fn","file:///opt/src/js/tests/unit/alert.js:17:20:17:23"
"$.fn","file:///opt/src/js/tests/unit/alert.js:18:14:18:17"
"$.fn","file:///opt/src/js/tests/unit/alert.js:24:24:24:27"
"$.fn","file:///opt/src/js/tests/unit/button.js:14:7:14:10"
"$.fn","file:///opt/src/js/tests/unit/button.js:14:30:14:33"
"$.fn","file:///opt/src/js/tests/unit/button.js:17:7:17:10"
"$.fn","file:///opt/src/js/tests/unit/button.js:17:21:17:24"
"$.fn","file:///opt/src/js/tests/unit/button.js:18:14:18:17"
"$.fn","file:///opt/src/js/tests/unit/button.js:24:24:24:27"
"$.fn","file:///opt/src/js/tests/unit/carousel.js:14:7:14:10"
"$.fn","file:///opt/src/js/tests/unit/carousel.js:14:32:14:35"
"$.fn","file:///opt/src/js/tests/unit/carousel.js:17:7:17:10"
"$.fn","file:///opt/src/js/tests/unit/carousel.js:17:23:17:26"
"$.fn","file:///opt/src/js/tests/unit/carousel.js:18:14:18:17"
"$.fn","file:///opt/src/js/tests/unit/carousel.js:24:24:24:27"
"$.fn","file:///opt/src/js/tests/unit/collapse.js:14:7:14:10"
"$.fn","file:///opt/src/js/tests/unit/collapse.js:14:32:14:35"
"$.fn","file:///opt/src/js/tests/unit/collapse.js:17:7:17:10"
"$.fn","file:///opt/src/js/tests/unit/collapse.js:17:23:17:26"
"$.fn","file:///opt/src/js/tests/unit/collapse.js:18:14:18:17"
"$.fn","file:///opt/src/js/tests/unit/collapse.js:24:24:24:27"
"$.fn","file:///opt/src/js/tests/unit/dropdown.js:14:7:14:10"
"$.fn","file:///opt/src/js/tests/unit/dropdown.js:14:32:14:35"
"$.fn","file:///opt/src/js/tests/unit/dropdown.js:17:7:17:10"
"$.fn","file:///opt/src/js/tests/unit/dropdown.js:17:23:17:26"
"$.fn","file:///opt/src/js/tests/unit/dropdown.js:18:14:18:17"
"$.fn","file:///opt/src/js/tests/unit/dropdown.js:24:24:24:27"
"$.fn","file:///opt/src/js/tests/unit/modal.js:14:7:14:10"
"$.fn","file:///opt/src/js/tests/unit/modal.js:14:29:14:32"
"$.fn","file:///opt/src/js/tests/unit/modal.js:17:7:17:10"
"$.fn","file:///opt/src/js/tests/unit/modal.js:17:20:17:23"
"$.fn","file:///opt/src/js/tests/unit/modal.js:18:14:18:17"
"$.fn","file:///opt/src/js/tests/unit/modal.js:24:24:24:27"
"$.fn","file:///opt/src/js/tests/unit/modal.js:37:15:37:18"
"$.fn","file:///opt/src/js/tests/unit/popover.js:14:7:14:10"
"$.fn","file:///opt/src/js/tests/unit/popover.js:14:31:14:34"
"$.fn","file:///opt/src/js/tests/unit/popover.js:17:7:17:10"
"$.fn","file:///opt/src/js/tests/unit/popover.js:17:22:17:25"
"$.fn","file:///opt/src/js/tests/unit/popover.js:18:14:18:17"
"$.fn","file:///opt/src/js/tests/unit/popover.js:24:24:24:27"
"$.fn","file:///opt/src/js/tests/unit/scrollspy.js:14:7:14:10"
"$.fn","file:///opt/src/js/tests/unit/scrollspy.js:14:33:14:36"
"$.fn","file:///opt/src/js/tests/unit/scrollspy.js:17:7:17:10"
"$.fn","file:///opt/src/js/tests/unit/scrollspy.js:17:24:17:27"
"$.fn","file:///opt/src/js/tests/unit/scrollspy.js:18:14:18:17"
"$.fn","file:///opt/src/js/tests/unit/scrollspy.js:24:24:24:27"
"$.fn","file:///opt/src/js/tests/unit/tab.js:14:7:14:10"
"$.fn","file:///opt/src/js/tests/unit/tab.js:14:27:14:30"
"$.fn","file:///opt/src/js/tests/unit/tab.js:17:7:17:10"
"$.fn","file:///opt/src/js/tests/unit/tab.js:17:18:17:21"
"$.fn","file:///opt/src/js/tests/unit/tab.js:18:14:18:17"
"$.fn","file:///opt/src/js/tests/unit/tab.js:24:24:24:27"
"$.fn","file:///opt/src/js/tests/unit/tooltip.js:14:7:14:10"
"$.fn","file:///opt/src/js/tests/unit/tooltip.js:14:31:14:34"
"$.fn","file:///opt/src/js/tests/unit/tooltip.js:17:7:17:10"
"$.fn","file:///opt/src/js/tests/unit/tooltip.js:17:22:17:25"
"$.fn","file:///opt/src/js/tests/unit/tooltip.js:18:14:18:17"
"$.fn","file:///opt/src/js/tests/unit/tooltip.js:24:24:24:27"
"$.fn","file:///opt/src/js/tests/unit/tooltip.js:37:15:37:18"
"$.fn","file:///opt/src/js/tests/unit/tooltip.js:1126:17:1126:20"
"$.fn","file:///opt/src/js/tests/unit/tooltip.js:1153:17:1153:20"
"$.fn","file:///opt/src/js/tooltip.js:506:13:506:16"
"$.fn","file:///opt/src/js/tooltip.js:508:3:508:6"
"$.fn","file:///opt/src/js/tooltip.js:509:3:509:6"
"$.fn","file:///opt/src/js/tooltip.js:515:3:515:6"
"$.fn","file:///opt/src/js/tooltip.js:516:5:516:8"
"$.fn","file:///opt/src/js/transition.js:36:3:36:6"
